<?xml version="1.0" encoding="UTF-8"?>

<CodeSystem xmlns="http://hl7.org/fhir">
  <id value="ConsentPolicyClassCS"/>
  <text>
    <status value="generated"/><div xmlns="http://www.w3.org/1999/xhtml"><p class="res-header-id"><b>Generated Narrative: CodeSystem ConsentPolicyClassCS</b></p><a name="ConsentPolicyClassCS"> </a><a name="hcConsentPolicyClassCS"> </a><p>This case-sensitive code system <code>https://ths-greifswald.de/fhir/CodeSystem/gics/ConsentPolicyClass</code> defines the following codes:</p><table class="codes"><tr><td style="white-space:nowrap"><b>Code</b></td></tr><tr><td style="white-space:nowrap">BIOMAT<a name="ConsentPolicyClassCS-BIOMAT"> </a></td></tr><tr><td style="white-space:nowrap">BIOMAT_analysed_data<a name="ConsentPolicyClassCS-BIOMAT_analysed_data"> </a></td></tr><tr><td style="white-space:nowrap">BIOMAT_retrospective<a name="ConsentPolicyClassCS-BIOMAT_retrospective"> </a></td></tr><tr><td style="white-space:nowrap">BIOMAT_analysed_data_retrospective<a name="ConsentPolicyClassCS-BIOMAT_analysed_data_retrospective"> </a></td></tr><tr><td style="white-space:nowrap">BIOMAT_additional_sampling<a name="ConsentPolicyClassCS-BIOMAT_additional_sampling"> </a></td></tr><tr><td style="white-space:nowrap">PII<a name="ConsentPolicyClassCS-PII"> </a></td></tr><tr><td style="white-space:nowrap">IMGDAT<a name="ConsentPolicyClassCS-IMGDAT"> </a></td></tr><tr><td style="white-space:nowrap">HIDAT<a name="ConsentPolicyClassCS-HIDAT"> </a></td></tr><tr><td style="white-space:nowrap">HIDAT_HIPN<a name="ConsentPolicyClassCS-HIDAT_HIPN"> </a></td></tr><tr><td style="white-space:nowrap">HIDAT_retrospective<a name="ConsentPolicyClassCS-HIDAT_retrospective"> </a></td></tr><tr><td style="white-space:nowrap">MDAT<a name="ConsentPolicyClassCS-MDAT"> </a></td></tr><tr><td style="white-space:nowrap">MDAT_GECCO83<a name="ConsentPolicyClassCS-MDAT_GECCO83"> </a></td></tr><tr><td style="white-space:nowrap">MDAT_retrospective<a name="ConsentPolicyClassCS-MDAT_retrospective"> </a></td></tr><tr><td style="white-space:nowrap">BIOMAT_metadata<a name="ConsentPolicyClassCS-BIOMAT_metadata"> </a></td></tr><tr><td style="white-space:nowrap">PIDAT<a name="ConsentPolicyClassCS-PIDAT"> </a></td></tr></table><p><b>Additional Language Displays</b></p><table class="codes"><tr><td><b>Code</b></td><td><b>Deutsch (Deutschland) (German (Germany), de)</b></td><td><b>English (English, en)</b></td></tr><tr><td>BIOMAT</td><td>Biomaterialien</td><td>biosamples</td></tr><tr><td>BIOMAT_analysed_data</td><td>BIOMAT_Analysedaten</td><td>analysed data based on biosamples</td></tr><tr><td>BIOMAT_retrospective</td><td>BIOMAT_retrospektiv</td><td>retrospective biosamples</td></tr><tr><td>BIOMAT_analysed_data_retrospective</td><td>BIOMAT_Analysedaten_retrospektiv</td><td>analysed data based on retrospective biosamples</td></tr><tr><td>BIOMAT_additional_sampling</td><td>BIOMAT_Zusatzmengen</td><td>biosamples, specifically additional sampling</td></tr><tr><td>PII</td><td>IDAT</td><td>personal identifying information</td></tr><tr><td>IMGDAT</td><td>IMGDAT</td><td>images and image data</td></tr><tr><td>HIDAT</td><td>KDAT</td><td>health insurance data</td></tr><tr><td>HIDAT_HIPN</td><td>KDAT_KVNR</td><td>health insurance data, specifically the health insurance member ID or policy number</td></tr><tr><td>HIDAT_retrospective</td><td>KDAT_retrospektiv</td><td>retrospective health insurance data</td></tr><tr><td>MDAT</td><td>MDAT</td><td>medical data</td></tr><tr><td>MDAT_GECCO83</td><td>MDAT_GECCO83</td><td>medical data, specifically the GECCO83 data set</td></tr><tr><td>MDAT_retrospective</td><td>MDAT_retrospektiv</td><td>retrospective medical data</td></tr><tr><td>BIOMAT_metadata</td><td>BIOMAT_Metadaten</td><td>metadata regarding biosamples such as storage and processing</td></tr><tr><td>PIDAT</td><td>PIDAT</td><td>pension insurance data</td></tr></table></div>
  </text>
  <url value="https://ths-greifswald.de/fhir/CodeSystem/gics/ConsentPolicyClass"/>
  <version value="2025.1.0"/>
  <name value="ConsentPolicyClass"/>
  <status value="active"/>
  <experimental value="false"/>
  <date value="2025-06-12"/>
  <publisher value="Unabhängige Treuhandstelle der Universitätsmedizin Greifswald"/>
  <contact>
    <name value="Unabhängige Treuhandstelle der Universitätsmedizin Greifswald"/>
    <telecom>
      <system value="url"/>
      <value value="https://www.ths-greifswald.de/"/>
    </telecom>
  </contact>
  <description value="Extensible description of the application perspective of a ConsentPolicy (e.g. selected data view 'IDAT')"/>
  <purpose value="First axis 'Class' of the 'Semantic Consent Code (SCC)' for use as Consent.provision.class"/>
  <copyright value="Copyright 2020-2025 Unabhängige Treuhandstelle der Universitätsmedizin Greifswald"/>
  <caseSensitive value="true"/>
  <content value="complete"/>
  <count value="15"/>
  <concept>
    <code value="BIOMAT"/>
    <display value="BIOMAT"/>
    <designation>
      <language value="de-DE"/>
      <value value="Biomaterialien"/>
    </designation>
    <designation>
      <language value="en-UK"/>
      <value value="biosamples"/>
    </designation>
  </concept>
  <concept>
    <code value="BIOMAT_analysed_data"/>
    <display value="BIOMAT_analysed_data"/>
    <designation>
      <language value="de-DE"/>
      <use>
        <system value="http://snomed.info/sct"/>
        <code value="900000000000003001"/>
      </use>
      <value value="Auf Biomaterialien basierende Analysedaten"/>
    </designation>
    <designation>
      <language value="de-DE"/>
      <use>
        <system value="http://snomed.info/sct"/>
        <code value="900000000000013009"/>
      </use>
      <value value="BIOMAT_Analysedaten"/>
    </designation>
    <designation>
      <language value="en-UK"/>
      <use>
        <system value="http://snomed.info/sct"/>
        <code value="900000000000003001"/>
      </use>
      <value value="analysed data based on biosamples"/>
    </designation>
  </concept>
  <concept>
    <code value="BIOMAT_retrospective"/>
    <display value="BIOMAT_retrospective"/>
    <designation>
      <language value="de-DE"/>
      <use>
        <system value="http://snomed.info/sct"/>
        <code value="900000000000003001"/>
      </use>
      <value value="Retrospektive Biomaterialien"/>
    </designation>
    <designation>
      <language value="de-DE"/>
      <use>
        <system value="http://snomed.info/sct"/>
        <code value="900000000000013009"/>
      </use>
      <value value="BIOMAT_retrospektiv"/>
    </designation>
    <designation>
      <language value="en-UK"/>
      <use>
        <system value="http://snomed.info/sct"/>
        <code value="900000000000003001"/>
      </use>
      <value value="retrospective biosamples"/>
    </designation>
  </concept>
  <concept>
    <code value="BIOMAT_analysed_data_retrospective"/>
    <display value="BIOMAT_analysed_data_retrospective"/>
    <designation>
      <language value="de-DE"/>
      <use>
        <system value="http://snomed.info/sct"/>
        <code value="900000000000003001"/>
      </use>
      <value value="Auf retrospektiven Biomaterialien basierende Analysedaten"/>
    </designation>
    <designation>
      <language value="de-DE"/>
      <use>
        <system value="http://snomed.info/sct"/>
        <code value="900000000000013009"/>
      </use>
      <value value="BIOMAT_Analysedaten_retrospektiv"/>
    </designation>
    <designation>
      <language value="en-UK"/>
      <use>
        <system value="http://snomed.info/sct"/>
        <code value="900000000000003001"/>
      </use>
      <value value="analysed data based on retrospective biosamples"/>
    </designation>
  </concept>
  <concept>
    <code value="BIOMAT_additional_sampling"/>
    <display value="BIOMAT_additional_sampling"/>
    <designation>
      <language value="de-DE"/>
      <use>
        <system value="http://snomed.info/sct"/>
        <code value="900000000000003001"/>
      </use>
      <value value="Biomaterialien, insbesondere zusätzlicher Mengen"/>
    </designation>
    <designation>
      <language value="de-DE"/>
      <use>
        <system value="http://snomed.info/sct"/>
        <code value="900000000000013009"/>
      </use>
      <value value="BIOMAT_Zusatzmengen"/>
    </designation>
    <designation>
      <language value="en-UK"/>
      <use>
        <system value="http://snomed.info/sct"/>
        <code value="900000000000003001"/>
      </use>
      <value value="biosamples, specifically additional sampling"/>
    </designation>
  </concept>
  <concept>
    <code value="PII"/>
    <display value="PII"/>
    <designation>
      <language value="de-DE"/>
      <use>
        <system value="http://snomed.info/sct"/>
        <code value="900000000000003001"/>
      </use>
      <value value="Personenidentifizierende Daten"/>
    </designation>
    <designation>
      <language value="de-DE"/>
      <use>
        <system value="http://snomed.info/sct"/>
        <code value="900000000000013009"/>
      </use>
      <value value="IDAT"/>
    </designation>
    <designation>
      <language value="en-UK"/>
      <use>
        <system value="http://snomed.info/sct"/>
        <code value="900000000000003001"/>
      </use>
      <value value="personal identifying information"/>
    </designation>
  </concept>
  <concept>
    <code value="IMGDAT"/>
    <display value="IMGDAT"/>
    <designation>
      <language value="de-DE"/>
      <use>
        <system value="http://snomed.info/sct"/>
        <code value="900000000000003001"/>
      </use>
      <value value="Bilder und Bilddaten"/>
    </designation>
    <designation>
      <language value="de-DE"/>
      <use>
        <system value="http://snomed.info/sct"/>
        <code value="900000000000013009"/>
      </use>
      <value value="IMGDAT"/>
    </designation>
    <designation>
      <language value="en-UK"/>
      <use>
        <system value="http://snomed.info/sct"/>
        <code value="900000000000003001"/>
      </use>
      <value value="images and image data"/>
    </designation>
  </concept>
  <concept>
    <code value="HIDAT"/>
    <display value="HIDAT"/>
    <designation>
      <language value="de-DE"/>
      <use>
        <system value="http://snomed.info/sct"/>
        <code value="900000000000003001"/>
      </use>
      <value value="Krankenkassendaten"/>
    </designation>
    <designation>
      <language value="de-DE"/>
      <use>
        <system value="http://snomed.info/sct"/>
        <code value="900000000000013009"/>
      </use>
      <value value="KDAT"/>
    </designation>
    <designation>
      <language value="en-UK"/>
      <use>
        <system value="http://snomed.info/sct"/>
        <code value="900000000000003001"/>
      </use>
      <value value="health insurance data"/>
    </designation>
  </concept>
  <concept>
    <code value="HIDAT_HIPN"/>
    <display value="HIDAT_HIPN"/>
    <designation>
      <language value="de-DE"/>
      <use>
        <system value="http://snomed.info/sct"/>
        <code value="900000000000003001"/>
      </use>
      <value value="Krankenkassendaten, insbesondere die Krankenkassenversichertennummer"/>
    </designation>
    <designation>
      <language value="de-DE"/>
      <use>
        <system value="http://snomed.info/sct"/>
        <code value="900000000000013009"/>
      </use>
      <value value="KDAT_KVNR"/>
    </designation>
    <designation>
      <language value="en-UK"/>
      <use>
        <system value="http://snomed.info/sct"/>
        <code value="900000000000003001"/>
      </use>
      <value value="health insurance data, specifically the health insurance member ID or policy number"/>
    </designation>
  </concept>
  <concept>
    <code value="HIDAT_retrospective"/>
    <display value="HIDAT_retrospective"/>
    <designation>
      <language value="de-DE"/>
      <use>
        <system value="http://snomed.info/sct"/>
        <code value="900000000000003001"/>
      </use>
      <value value="Retrospektive Krankenkassendaten"/>
    </designation>
    <designation>
      <language value="de-DE"/>
      <use>
        <system value="http://snomed.info/sct"/>
        <code value="900000000000013009"/>
      </use>
      <value value="KDAT_retrospektiv"/>
    </designation>
    <designation>
      <language value="en-UK"/>
      <use>
        <system value="http://snomed.info/sct"/>
        <code value="900000000000003001"/>
      </use>
      <value value="retrospective health insurance data"/>
    </designation>
  </concept>
  <concept>
    <code value="MDAT"/>
    <display value="MDAT"/>
    <designation>
      <language value="de-DE"/>
      <use>
        <system value="http://snomed.info/sct"/>
        <code value="900000000000003001"/>
      </use>
      <value value="Medizinische Daten"/>
    </designation>
    <designation>
      <language value="de-DE"/>
      <use>
        <system value="http://snomed.info/sct"/>
        <code value="900000000000013009"/>
      </use>
      <value value="MDAT"/>
    </designation>
    <designation>
      <language value="en-UK"/>
      <use>
        <system value="http://snomed.info/sct"/>
        <code value="900000000000003001"/>
      </use>
      <value value="medical data"/>
    </designation>
  </concept>
  <concept>
    <code value="MDAT_GECCO83"/>
    <display value="MDAT_GECCO83"/>
    <designation>
      <language value="de-DE"/>
      <use>
        <system value="http://snomed.info/sct"/>
        <code value="900000000000003001"/>
      </use>
      <value value="Medizinische Daten, insbesondere GECCO83 Datensatz"/>
    </designation>
    <designation>
      <language value="de-DE"/>
      <use>
        <system value="http://snomed.info/sct"/>
        <code value="900000000000013009"/>
      </use>
      <value value="MDAT_GECCO83"/>
    </designation>
    <designation>
      <language value="en-UK"/>
      <use>
        <system value="http://snomed.info/sct"/>
        <code value="900000000000003001"/>
      </use>
      <value value="medical data, specifically the GECCO83 data set"/>
    </designation>
  </concept>
  <concept>
    <code value="MDAT_retrospective"/>
    <display value="MDAT_retrospective"/>
    <designation>
      <language value="de-DE"/>
      <use>
        <system value="http://snomed.info/sct"/>
        <code value="900000000000003001"/>
      </use>
      <value value="Retrospektive medizinische Daten"/>
    </designation>
    <designation>
      <language value="de-DE"/>
      <use>
        <system value="http://snomed.info/sct"/>
        <code value="900000000000013009"/>
      </use>
      <value value="MDAT_retrospektiv"/>
    </designation>
    <designation>
      <language value="en-UK"/>
      <use>
        <system value="http://snomed.info/sct"/>
        <code value="900000000000003001"/>
      </use>
      <value value="retrospective medical data"/>
    </designation>
  </concept>
  <concept>
    <code value="BIOMAT_metadata"/>
    <display value="BIOMAT_metadata"/>
    <designation>
      <language value="de-DE"/>
      <use>
        <system value="http://snomed.info/sct"/>
        <code value="900000000000003001"/>
      </use>
      <value value="Biomaterialien-spezifische Metadaten wie zum Beispiel zu Lagerung und Prozessierung"/>
    </designation>
    <designation>
      <language value="de-DE"/>
      <use>
        <system value="http://snomed.info/sct"/>
        <code value="900000000000013009"/>
      </use>
      <value value="BIOMAT_Metadaten"/>
    </designation>
    <designation>
      <language value="en-UK"/>
      <use>
        <system value="http://snomed.info/sct"/>
        <code value="900000000000003001"/>
      </use>
      <value value="metadata regarding biosamples such as storage and processing"/>
    </designation>
  </concept>
  <concept>
    <code value="PIDAT"/>
    <display value="PIDAT"/>
    <designation>
      <language value="de-DE"/>
      <use>
        <system value="http://snomed.info/sct"/>
        <code value="900000000000003001"/>
      </use>
      <value value="Rentenversicherungsdaten"/>
    </designation>
    <designation>
      <language value="de-DE"/>
      <use>
        <system value="http://snomed.info/sct"/>
        <code value="900000000000013009"/>
      </use>
      <value value="PIDAT"/>
    </designation>
    <designation>
      <language value="en-UK"/>
      <use>
        <system value="http://snomed.info/sct"/>
        <code value="900000000000003001"/>
      </use>
      <value value="pension insurance data"/>
    </designation>
  </concept>
</CodeSystem>