{
  "resourceType" : "CodeSystem",
  "id" : "IdMatchingTypeCS",
  "text" : {
    "status" : "generated",
    "div" : "<div xmlns=\"http://www.w3.org/1999/xhtml\"><p class=\"res-header-id\"><b>Generated Narrative: CodeSystem IdMatchingTypeCS</b></p><a name=\"IdMatchingTypeCS\"> </a><a name=\"hcIdMatchingTypeCS\"> </a><p>This case-sensitive code system <code>https://ths-greifswald.de/fhir/CodeSystem/gics/IdMatchingType</code> defines the following codes:</p><table class=\"codes\"><tr><td style=\"white-space:nowrap\"><b>Code</b></td><td><b>Display</b></td></tr><tr><td style=\"white-space:nowrap\">AT_LEAST_ALL<a name=\"IdMatchingTypeCS-AT_LEAST_ALL\"> </a></td><td>at least all</td></tr><tr><td style=\"white-space:nowrap\">AT_LEAST_ONE<a name=\"IdMatchingTypeCS-AT_LEAST_ONE\"> </a></td><td>at least one</td></tr><tr><td style=\"white-space:nowrap\">EXACT<a name=\"IdMatchingTypeCS-EXACT\"> </a></td><td>exact</td></tr></table></div>"
  },
  "url" : "https://ths-greifswald.de/fhir/CodeSystem/gics/IdMatchingType",
  "version" : "2025.1.0",
  "name" : "IdMatchingType",
  "status" : "active",
  "experimental" : false,
  "date" : "2025-06-12",
  "publisher" : "Unabhängige Treuhandstelle der Universitätsmedizin Greifswald",
  "contact" : [{
    "name" : "Unabhängige Treuhandstelle der Universitätsmedizin Greifswald",
    "telecom" : [{
      "system" : "url",
      "value" : "https://www.ths-greifswald.de/"
    }]
  }],
  "description" : "ID matching types used in consent management",
  "copyright" : "Copyright 2020-2025 Unabhängige Treuhandstelle der Universitätsmedizin Greifswald",
  "caseSensitive" : true,
  "content" : "complete",
  "count" : 3,
  "concept" : [{
    "code" : "AT_LEAST_ALL",
    "display" : "at least all"
  },
  {
    "code" : "AT_LEAST_ONE",
    "display" : "at least one"
  },
  {
    "code" : "EXACT",
    "display" : "exact"
  }]
}