{
  "codeSystems" : [
    {
      "url" : "http://terminology.hl7.org/CodeSystem/v3-NullFlavor",
      "version" : "3.0.0",
      "status" : "active",
      "name" : "NullFlavor",
      "title" : "NullFlavor",
      "description" : "A collection of codes specifying why a valid value is not present.",
      "oids" : ["2.16.840.1.113883.5.1008"],
      "uses" : {
      },
      "ValueSet-PolicyStatusVS.html" : "PolicyStatus"
    },
    {
      "url" : "https://ths-greifswald.de/fhir/CodeSystem/dispatcher/IdatElements",
      "version" : "2025.2.0",
      "status" : "active",
      "name" : "IdatElements",
      "title" : null,
      "description" : "Element names for use in $requestTasks operation.",
      "uses" : {
      },
      "ValueSet-IdatElementsVS.html" : "IdatElements"
    },
    {
      "url" : "https://ths-greifswald.de/fhir/CodeSystem/epix/BloomfilterType",
      "version" : "2025.2.0",
      "status" : "active",
      "name" : "BloomfilterType",
      "title" : null,
      "description" : "Types of Bloomfilters.",
      "uses" : {
      },
      "ValueSet-BloomfilterTypeVS.html" : "BloomfilterType"
    },
    {
      "url" : "https://ths-greifswald.de/fhir/CodeSystem/epix/MatchStatus",
      "version" : "2025.2.0",
      "status" : "active",
      "name" : "MatchStatus",
      "title" : null,
      "description" : "Possible match statuses in the context of adding patient identities.",
      "uses" : {
      },
      "ValueSet-MatchStatusVS.html" : "MatchStatus"
    },
    {
      "url" : "https://ths-greifswald.de/fhir/CodeSystem/epix/SaveAction",
      "version" : "2025.2.0",
      "status" : "active",
      "name" : "SaveAction",
      "title" : null,
      "description" : "Possible save actions in the context of adding patient identities.",
      "uses" : {
      },
      "ValueSet-SaveActionVS.html" : "SaveAction"
    },
    {
      "url" : "https://ths-greifswald.de/fhir/CodeSystem/gics/ConsentComponentType",
      "version" : "2025.2.0",
      "status" : "active",
      "name" : "ConsentComponentType",
      "title" : null,
      "description" : "Typen der für gICS relevanten Consent-Componenten zur Unterscheidung als Suchkriterium",
      "uses" : {
      },
      "ValueSet-ConsentComponentTypeVS.html" : "ConsentComponentType"
    },
    {
      "url" : "https://ths-greifswald.de/fhir/CodeSystem/gics/ConsentStatus",
      "version" : "2025.2.0",
      "status" : "active",
      "name" : "ConsentStatus",
      "title" : null,
      "description" : " consent states are used to depict the participant’s will. Therefore, documentation should allow different status values. Further details from https://doi.org/10.1186/s12967-020-02457-y",
      "uses" : {
      },
      "ValueSet-ConsentStatusObjectionShortValuesVS.html" : "ConsentStatusObjectionShortValues",
      "ValueSet-ConsentStatusConsentFullValuesVS.html" : "ConsentStatusConsentFullValues",
      "ValueSet-ConsentStatusRefusalFullValuesVS.html" : "ConsentStatusRefusalFullValues",
      "ValueSet-ConsentStatusConsentOptOutFullValuesVS.html" : "ConsentStatusConsentOptOutFullValues",
      "ValueSet-ConsentStatusWithdrawalShortValuesVS.html" : "ConsentStatusWithdrawalShortValues",
      "ValueSet-ConsentStatusWithdrawalFullValuesVS.html" : "ConsentStatusWithdrawalFullValues",
      "ValueSet-ConsentStatusConsentShortValuesVS.html" : "ConsentStatusConsentShortValues",
      "ValueSet-ConsentStatusVS.html" : "ConsentStatus",
      "ValueSet-ConsentStatusObjectionFullValuesVS.html" : "ConsentStatusObjectionFullValues",
      "ValueSet-ConsentStatusConsentOptOutShortValuesVS.html" : "ConsentStatusConsentOptOutShortValues",
      "ValueSet-ConsentStatusRefusalShortValuesVS.html" : "ConsentStatusRefusalShortValues"
    },
    {
      "url" : "https://ths-greifswald.de/fhir/CodeSystem/gics/IdMatchingType",
      "version" : "2025.2.0",
      "status" : "active",
      "name" : "IdMatchingType",
      "title" : null,
      "description" : "ID matching types used in consent management",
      "uses" : {
      },
      "ValueSet-IdMatchingTypeVS.html" : "IdMatchingType"
    },
    {
      "url" : "https://ths-greifswald.de/fhir/CodeSystem/gics/Policy",
      "version" : "2025.2.0",
      "status" : "active",
      "name" : "Policy",
      "title" : null,
      "description" : "Policies used in consent management",
      "uses" : {
      },
      "ValueSet-PolicyVS.html" : "Policy"
    }
  ]
}
