{
  "resourceType" : "ValueSet",
  "id" : "PolicyStatusVS",
  "text" : {
    "status" : "generated",
    "div" : "<div xmlns=\"http://www.w3.org/1999/xhtml\"><p class=\"res-header-id\"><b>Generated Narrative: ValueSet PolicyStatusVS</b></p><a name=\"PolicyStatusVS\"> </a><a name=\"hcPolicyStatusVS\"> </a><p>This value set contains 3 concepts</p><table class=\"codes\"><tr><td><b>System</b></td><td style=\"white-space:nowrap\"><b>Code</b></td><td><b>Display</b></td></tr><tr><td><a name=\"PolicyStatusVS-http://hl7.org/fhir/consent-provision-type-deny\"> </a><code>http://hl7.org/fhir/consent-provision-type</code></td><td style=\"white-space:nowrap\">\u00a0\u00a0<a href=\"http://hl7.org/fhir/R4/codesystem-consent-provision-type.html#consent-provision-type-deny\">deny</a></td><td>Opt Out</td></tr><tr><td><a name=\"PolicyStatusVS-http://hl7.org/fhir/consent-provision-type-permit\"> </a><code>http://hl7.org/fhir/consent-provision-type</code></td><td style=\"white-space:nowrap\">\u00a0\u00a0<a href=\"http://hl7.org/fhir/R4/codesystem-consent-provision-type.html#consent-provision-type-permit\">permit</a></td><td>Opt In</td></tr><tr><td><a name=\"PolicyStatusVS-http://terminology.hl7.org/CodeSystem/v3-NullFlavor-UNK\"> </a><code>http://terminology.hl7.org/CodeSystem/v3-NullFlavor</code></td><td style=\"white-space:nowrap\">\u00a0\u00a0<a href=\"http://terminology.hl7.org/6.5.0/CodeSystem-v3-NullFlavor.html#v3-NullFlavor-UNK\">UNK</a></td><td>unknown</td></tr></table></div>"
  },
  "url" : "https://ths-greifswald.de/fhir/ValueSet/gics/PolicyStatus",
  "version" : "2025.2.0",
  "name" : "PolicyStatus",
  "status" : "active",
  "experimental" : false,
  "date" : "2025-06-12",
  "publisher" : "Unabhängige Treuhandstelle der Universitätsmedizin Greifswald",
  "contact" : [{
    "name" : "Unabhängige Treuhandstelle der Universitätsmedizin Greifswald",
    "telecom" : [{
      "system" : "url",
      "value" : "https://www.ths-greifswald.de/"
    }]
  }],
  "copyright" : "Copyright 2020-2025 Unabhängige Treuhandstelle der Universitätsmedizin Greifswald",
  "compose" : {
    "include" : [{
      "valueSet" : ["http://hl7.org/fhir/ValueSet/consent-provision-type"]
    },
    {
      "system" : "http://terminology.hl7.org/CodeSystem/v3-NullFlavor",
      "concept" : [{
        "code" : "UNK"
      }]
    }]
  },
  "expansion" : {
    "timestamp" : "2021-09-05T11:23:00+00:00",
    "total" : 3,
    "contains" : [{
      "system" : "http://hl7.org/fhir/consent-provision-type",
      "code" : "deny",
      "display" : "Opt Out"
    },
    {
      "system" : "http://hl7.org/fhir/consent-provision-type",
      "code" : "permit",
      "display" : "Opt In"
    },
    {
      "system" : "http://terminology.hl7.org/CodeSystem/v3-NullFlavor",
      "code" : "UNK",
      "display" : "unknown"
    }]
  }
}