{
  "resourceType" : "ValueSet",
  "id" : "ConsentStatusConsentOptOutShortValuesVS",
  "text" : {
    "status" : "generated",
    "div" : "<div xmlns=\"http://www.w3.org/1999/xhtml\"><p class=\"res-header-id\"><b>Generated Narrative: ValueSet ConsentStatusConsentOptOutShortValuesVS</b></p><a name=\"ConsentStatusConsentOptOutShortValuesVS\"> </a><a name=\"hcConsentStatusConsentOptOutShortValuesVS\"> </a><p>This value set contains 1 concepts</p><table class=\"codes\"><tr><td><b>System</b></td><td style=\"white-space:nowrap\"><b>Code</b></td><td><b>Display</b></td><td><b>Definition</b></td></tr><tr><td><a name=\"ConsentStatusConsentOptOutShortValuesVS-https://ths-greifswald.de/fhir/CodeSystem/gics/ConsentStatus-ACCEPTED_OPT_OUT\"> </a><code>https://ths-greifswald.de/fhir/CodeSystem/gics/ConsentStatus</code></td><td style=\"white-space:nowrap\">\u00a0\u00a0<a href=\"CodeSystem-ConsentStatusCS.html#ConsentStatusCS-ACCEPTED_OPT_OUT\">ACCEPTED_OPT_OUT</a></td><td>Ja (Opt-Out)</td><td/></tr></table></div>"
  },
  "url" : "https://ths-greifswald.de/fhir/ValueSet/gics/ConsentStatusConsentOptOutShortValues",
  "version" : "2025.1.0",
  "name" : "ConsentStatusConsentOptOutShortValues",
  "status" : "active",
  "experimental" : false,
  "date" : "2025-06-12",
  "publisher" : "Unabhängige Treuhandstelle der Universitätsmedizin Greifswald",
  "contact" : [{
    "name" : "Unabhängige Treuhandstelle der Universitätsmedizin Greifswald",
    "telecom" : [{
      "system" : "url",
      "value" : "https://www.ths-greifswald.de/"
    }]
  }],
  "copyright" : "Copyright 2020-2025 Unabhängige Treuhandstelle der Universitätsmedizin Greifswald",
  "compose" : {
    "include" : [{
      "system" : "https://ths-greifswald.de/fhir/CodeSystem/gics/ConsentStatus",
      "concept" : [{
        "code" : "ACCEPTED_OPT_OUT"
      }]
    }]
  },
  "expansion" : {
    "timestamp" : "2024-10-04T12:00:00Z",
    "total" : 1,
    "contains" : [{
      "system" : "https://ths-greifswald.de/fhir/CodeSystem/gics/ConsentStatus",
      "code" : "ACCEPTED_OPT_OUT",
      "display" : "Ja (Opt-Out)"
    }]
  }
}