<?xml version="1.0" encoding="UTF-8"?>

<CodeSystem xmlns="http://hl7.org/fhir">
  <id value="IdatElementsCS"/>
  <text>
    <status value="generated"/><div xmlns="http://www.w3.org/1999/xhtml"><p class="res-header-id"><b>Generated Narrative: CodeSystem IdatElementsCS</b></p><a name="IdatElementsCS"> </a><a name="hcIdatElementsCS"> </a><p>This case-sensitive code system <code>https://ths-greifswald.de/fhir/CodeSystem/dispatcher/IdatElements</code> defines the following codes:</p><table class="codes"><tr><td style="white-space:nowrap"><b>Code</b></td><td><b>Display</b></td></tr><tr><td style="white-space:nowrap">given<a name="IdatElementsCS-given"> </a></td><td>Vorname</td></tr><tr><td style="white-space:nowrap">family<a name="IdatElementsCS-family"> </a></td><td>Nachname</td></tr><tr><td style="white-space:nowrap">prefix<a name="IdatElementsCS-prefix"> </a></td><td>Namens-Präfix</td></tr><tr><td style="white-space:nowrap">suffix<a name="IdatElementsCS-suffix"> </a></td><td>Namens-Suffix</td></tr><tr><td style="white-space:nowrap">birthdate<a name="IdatElementsCS-birthdate"> </a></td><td>Geburtsdatum</td></tr><tr><td style="white-space:nowrap">gender<a name="IdatElementsCS-gender"> </a></td><td>Geschlecht</td></tr><tr><td style="white-space:nowrap">address-line<a name="IdatElementsCS-address-line"> </a></td><td>Straße, Hausnummer, Postfach</td></tr><tr><td style="white-space:nowrap">address-city<a name="IdatElementsCS-address-city"> </a></td><td>Ort</td></tr><tr><td style="white-space:nowrap">address-postalcode<a name="IdatElementsCS-address-postalcode"> </a></td><td>Postleitzahl</td></tr><tr><td style="white-space:nowrap">birthplace<a name="IdatElementsCS-birthplace"> </a></td><td>Geburtsort</td></tr><tr><td style="white-space:nowrap">maidenname<a name="IdatElementsCS-maidenname"> </a></td><td>Geburtsname</td></tr><tr><td style="white-space:nowrap">degree<a name="IdatElementsCS-degree"> </a></td><td>akademischer Titel</td></tr><tr><td style="white-space:nowrap">language<a name="IdatElementsCS-language"> </a></td><td>(Mutter-)Sprache</td></tr><tr><td style="white-space:nowrap">nationality<a name="IdatElementsCS-nationality"> </a></td><td>Staatsangehörigkeit</td></tr><tr><td style="white-space:nowrap">maritalstatus<a name="IdatElementsCS-maritalstatus"> </a></td><td>Familienstand</td></tr></table></div>
  </text>
  <url value="https://ths-greifswald.de/fhir/CodeSystem/dispatcher/IdatElements"/>
  <version value="2025.2.0"/>
  <name value="IdatElements"/>
  <status value="active"/>
  <experimental value="false"/>
  <date value="2025-06-12"/>
  <publisher value="Independent Trusted Third Party of the University Medicine Greifswald"/>
  <contact>
    <name value="Independent Trusted Third Party of the University Medicine Greifswald"/>
    <telecom>
      <system value="url"/>
      <value value="https://www.ths-greifswald.de/"/>
    </telecom>
  </contact>
  <description value="Element names for use in $requestTasks operation."/>
  <copyright value="Copyright 2020-2025 Unabhängige Treuhandstelle der Universitätsmedizin Greifswald"/>
  <caseSensitive value="true"/>
  <content value="complete"/>
  <count value="15"/>
  <concept>
    <code value="given"/>
    <display value="Vorname"/>
  </concept>
  <concept>
    <code value="family"/>
    <display value="Nachname"/>
  </concept>
  <concept>
    <code value="prefix"/>
    <display value="Namens-Präfix"/>
  </concept>
  <concept>
    <code value="suffix"/>
    <display value="Namens-Suffix"/>
  </concept>
  <concept>
    <code value="birthdate"/>
    <display value="Geburtsdatum"/>
  </concept>
  <concept>
    <code value="gender"/>
    <display value="Geschlecht"/>
  </concept>
  <concept>
    <code value="address-line"/>
    <display value="Straße, Hausnummer, Postfach"/>
  </concept>
  <concept>
    <code value="address-city"/>
    <display value="Ort"/>
  </concept>
  <concept>
    <code value="address-postalcode"/>
    <display value="Postleitzahl"/>
  </concept>
  <concept>
    <code value="birthplace"/>
    <display value="Geburtsort"/>
  </concept>
  <concept>
    <code value="maidenname"/>
    <display value="Geburtsname"/>
  </concept>
  <concept>
    <code value="degree"/>
    <display value="akademischer Titel"/>
  </concept>
  <concept>
    <code value="language"/>
    <display value="(Mutter-)Sprache"/>
  </concept>
  <concept>
    <code value="nationality"/>
    <display value="Staatsangehörigkeit"/>
  </concept>
  <concept>
    <code value="maritalstatus"/>
    <display value="Familienstand"/>
  </concept>
</CodeSystem>