{
  "resourceType" : "CodeSystem",
  "id" : "BloomfilterTypeCS",
  "text" : {
    "status" : "generated",
    "div" : "<div xmlns=\"http://www.w3.org/1999/xhtml\"><p class=\"res-header-id\"><b>Generated Narrative: CodeSystem BloomfilterTypeCS</b></p><a name=\"BloomfilterTypeCS\"> </a><a name=\"hcBloomfilterTypeCS\"> </a><p>This case-sensitive code system <code>https://ths-greifswald.de/fhir/CodeSystem/epix/BloomfilterType</code> defines the following codes:</p><table class=\"codes\"><tr><td style=\"white-space:nowrap\"><b>Code</b></td><td><b>Display</b></td></tr><tr><td style=\"white-space:nowrap\">A<a name=\"BloomfilterTypeCS-A\"> </a></td><td>Dummy-Bloomfilter A</td></tr><tr><td style=\"white-space:nowrap\">B<a name=\"BloomfilterTypeCS-B\"> </a></td><td>Dummy-Bloomfilter B</td></tr></table></div>"
  },
  "url" : "https://ths-greifswald.de/fhir/CodeSystem/epix/BloomfilterType",
  "version" : "2025.2.0",
  "name" : "BloomfilterType",
  "status" : "active",
  "experimental" : false,
  "date" : "2025-06-12",
  "publisher" : "Independent Trusted Third Party of the University Medicine Greifswald",
  "contact" : [{
    "name" : "Independent Trusted Third Party of the University Medicine Greifswald",
    "telecom" : [{
      "system" : "url",
      "value" : "https://www.ths-greifswald.de/"
    }]
  }],
  "description" : "Types of Bloomfilters.",
  "copyright" : "Copyright 2020-2025 Unabhängige Treuhandstelle der Universitätsmedizin Greifswald",
  "caseSensitive" : true,
  "content" : "complete",
  "count" : 2,
  "concept" : [{
    "code" : "A",
    "display" : "Dummy-Bloomfilter A"
  },
  {
    "code" : "B",
    "display" : "Dummy-Bloomfilter B"
  }]
}