<?xml version="1.0" encoding="UTF-8"?>

<CodeSystem xmlns="http://hl7.org/fhir">
  <id value="MatchStatusCS"/>
  <text>
    <status value="generated"/><div xmlns="http://www.w3.org/1999/xhtml"><p class="res-header-id"><b>Generated Narrative: CodeSystem MatchStatusCS</b></p><a name="MatchStatusCS"> </a><a name="hcMatchStatusCS"> </a><p>This case-sensitive code system <code>https://ths-greifswald.de/fhir/CodeSystem/epix/MatchStatus</code> defines the following codes:</p><table class="codes"><tr><td style="white-space:nowrap"><b>Code</b></td><td><b>Display</b></td></tr><tr><td style="white-space:nowrap">EXTERNAL_MATCH<a name="MatchStatusCS-EXTERNAL_MATCH"> </a></td><td>external match</td></tr><tr><td style="white-space:nowrap">MATCH<a name="MatchStatusCS-MATCH"> </a></td><td>match</td></tr><tr><td style="white-space:nowrap">MATCH_ERROR<a name="MatchStatusCS-MATCH_ERROR"> </a></td><td>match error</td></tr><tr><td style="white-space:nowrap">MULTIPLE_MATCH<a name="MatchStatusCS-MULTIPLE_MATCH"> </a></td><td>multiple match</td></tr><tr><td style="white-space:nowrap">NO_MATCH<a name="MatchStatusCS-NO_MATCH"> </a></td><td>no match</td></tr><tr><td style="white-space:nowrap">PERFECT_MATCH<a name="MatchStatusCS-PERFECT_MATCH"> </a></td><td>perfect match</td></tr><tr><td style="white-space:nowrap">PERFECT_MATCH_WITH_UPDATE<a name="MatchStatusCS-PERFECT_MATCH_WITH_UPDATE"> </a></td><td>perfect match with update</td></tr><tr><td style="white-space:nowrap">POSSIBLE_MATCH<a name="MatchStatusCS-POSSIBLE_MATCH"> </a></td><td>possible match</td></tr></table></div>
  </text>
  <url value="https://ths-greifswald.de/fhir/CodeSystem/epix/MatchStatus"/>
  <version value="2025.2.0"/>
  <name value="MatchStatus"/>
  <status value="active"/>
  <experimental value="false"/>
  <date value="2025-06-12"/>
  <publisher value="Independent Trusted Third Party of the University Medicine Greifswald"/>
  <contact>
    <name value="Independent Trusted Third Party of the University Medicine Greifswald"/>
    <telecom>
      <system value="url"/>
      <value value="https://www.ths-greifswald.de/"/>
    </telecom>
  </contact>
  <description value="Possible match statuses in the context of adding patient identities."/>
  <copyright value="Copyright 2020-2025 Unabhängige Treuhandstelle der Universitätsmedizin Greifswald"/>
  <caseSensitive value="true"/>
  <content value="complete"/>
  <count value="8"/>
  <concept>
    <code value="EXTERNAL_MATCH"/>
    <display value="external match"/>
  </concept>
  <concept>
    <code value="MATCH"/>
    <display value="match"/>
  </concept>
  <concept>
    <code value="MATCH_ERROR"/>
    <display value="match error"/>
  </concept>
  <concept>
    <code value="MULTIPLE_MATCH"/>
    <display value="multiple match"/>
  </concept>
  <concept>
    <code value="NO_MATCH"/>
    <display value="no match"/>
  </concept>
  <concept>
    <code value="PERFECT_MATCH"/>
    <display value="perfect match"/>
  </concept>
  <concept>
    <code value="PERFECT_MATCH_WITH_UPDATE"/>
    <display value="perfect match with update"/>
  </concept>
  <concept>
    <code value="POSSIBLE_MATCH"/>
    <display value="possible match"/>
  </concept>
</CodeSystem>