{
  "resourceType" : "CodeSystem",
  "id" : "ConsentPolicyActorCS",
  "text" : {
    "status" : "generated",
    "div" : "<div xmlns=\"http://www.w3.org/1999/xhtml\"><p class=\"res-header-id\"><b>Generated Narrative: CodeSystem ConsentPolicyActorCS</b></p><a name=\"ConsentPolicyActorCS\"> </a><a name=\"hcConsentPolicyActorCS\"> </a><p>This case-sensitive code system <code>https://ths-greifswald.de/fhir/CodeSystem/gics/ConsentPolicyActor</code> defines the following codes:</p><table class=\"codes\"><tr><td style=\"white-space:nowrap\"><b>Code</b></td></tr><tr><td style=\"white-space:nowrap\">LIMS<a name=\"ConsentPolicyActorCS-LIMS\"> </a></td></tr><tr><td style=\"white-space:nowrap\">TTP<a name=\"ConsentPolicyActorCS-TTP\"> </a></td></tr><tr><td style=\"white-space:nowrap\">DTU<a name=\"ConsentPolicyActorCS-DTU\"> </a></td></tr><tr><td style=\"white-space:nowrap\">BDMS<a name=\"ConsentPolicyActorCS-BDMS\"> </a></td></tr><tr><td style=\"white-space:nowrap\">RDP<a name=\"ConsentPolicyActorCS-RDP\"> </a></td></tr><tr><td style=\"white-space:nowrap\">DIC<a name=\"ConsentPolicyActorCS-DIC\"> </a></td></tr><tr><td style=\"white-space:nowrap\">FTTP<a name=\"ConsentPolicyActorCS-FTTP\"> </a></td></tr></table><p><b>Additional Language Displays</b></p><table class=\"codes\"><tr><td><b>Code</b></td><td><b>Deutsch (Deutschland) (German (Germany), de)</b></td><td><b>English (English, en)</b></td></tr><tr><td>LIMS</td><td>Laborinformationsmanagementsystem</td><td>Laboratory information management system</td></tr><tr><td>TTP</td><td>Treuhandstelle/Vertrauensstelle</td><td>Trusted Third Party</td></tr><tr><td>DTU</td><td>Datentransferstelle</td><td>Data Transfer Unit</td></tr><tr><td>BDMS</td><td>Bilddatenmanagementsystem</td><td>Image data management system</td></tr><tr><td>RDP</td><td>Forschungsplattform</td><td>Research data platform</td></tr><tr><td>DIC</td><td>Datenintegrationszenrum</td><td>Data integration centre</td></tr><tr><td>FTTP</td><td>Föderierte Treuhandstelle/Vertrauensstelle</td><td>Federated Trusted Third Party</td></tr></table></div>"
  },
  "url" : "https://ths-greifswald.de/fhir/CodeSystem/gics/ConsentPolicyActor",
  "version" : "2025.2.0",
  "name" : "ConsentPolicyActor",
  "status" : "active",
  "experimental" : false,
  "date" : "2025-06-12",
  "publisher" : "Independent Trusted Third Party of the University Medicine Greifswald",
  "contact" : [{
    "name" : "Independent Trusted Third Party of the University Medicine Greifswald",
    "telecom" : [{
      "system" : "url",
      "value" : "https://www.ths-greifswald.de/"
    }]
  }],
  "description" : "Expandable categorisation of consumer/requestor of a consent enforcement request  related to a specific consent component (e.g. policy or module)",
  "purpose" : "Axis 'actor' of the 'Semantic Consent Code (SCC)' for optional use",
  "copyright" : "Copyright 2020-2025 Unabhängige Treuhandstelle der Universitätsmedizin Greifswald",
  "caseSensitive" : true,
  "content" : "complete",
  "count" : 7,
  "concept" : [{
    "code" : "LIMS",
    "display" : "LIMS",
    "designation" : [{
      "language" : "de-DE",
      "value" : "Laborinformationsmanagementsystem"
    },
    {
      "language" : "en-UK",
      "value" : "Laboratory information management system"
    }]
  },
  {
    "code" : "TTP",
    "display" : "TTP",
    "designation" : [{
      "language" : "de-DE",
      "value" : "Treuhandstelle/Vertrauensstelle"
    },
    {
      "language" : "en-UK",
      "value" : "Trusted Third Party"
    }]
  },
  {
    "code" : "DTU",
    "display" : "DTU",
    "designation" : [{
      "language" : "de-DE",
      "value" : "Datentransferstelle"
    },
    {
      "language" : "en-UK",
      "value" : "Data Transfer Unit"
    }]
  },
  {
    "code" : "BDMS",
    "display" : "BDMS",
    "designation" : [{
      "language" : "de-DE",
      "value" : "Bilddatenmanagementsystem"
    },
    {
      "language" : "en-UK",
      "value" : "Image data management system"
    }]
  },
  {
    "code" : "RDP",
    "display" : "RDP",
    "designation" : [{
      "language" : "de-DE",
      "value" : "Forschungsplattform"
    },
    {
      "language" : "en-UK",
      "value" : "Research data platform"
    }]
  },
  {
    "code" : "DIC",
    "display" : "DIC",
    "designation" : [{
      "language" : "de-DE",
      "value" : "Datenintegrationszenrum"
    },
    {
      "language" : "en-UK",
      "value" : "Data integration centre"
    }]
  },
  {
    "code" : "FTTP",
    "display" : "FTTP",
    "designation" : [{
      "language" : "de-DE",
      "value" : "Föderierte Treuhandstelle/Vertrauensstelle"
    },
    {
      "language" : "en-UK",
      "value" : "Federated Trusted Third Party"
    }]
  }]
}