{
  "resourceType" : "CodeSystem",
  "id" : "ConsentPolicyClassCS",
  "text" : {
    "status" : "generated",
    "div" : "<div xmlns=\"http://www.w3.org/1999/xhtml\"><p class=\"res-header-id\"><b>Generated Narrative: CodeSystem ConsentPolicyClassCS</b></p><a name=\"ConsentPolicyClassCS\"> </a><a name=\"hcConsentPolicyClassCS\"> </a><p>This case-sensitive code system <code>https://ths-greifswald.de/fhir/CodeSystem/gics/ConsentPolicyClass</code> defines the following codes:</p><table class=\"codes\"><tr><td style=\"white-space:nowrap\"><b>Code</b></td></tr><tr><td style=\"white-space:nowrap\">BIOMAT<a name=\"ConsentPolicyClassCS-BIOMAT\"> </a></td></tr><tr><td style=\"white-space:nowrap\">BIOMAT_analysed_data<a name=\"ConsentPolicyClassCS-BIOMAT_analysed_data\"> </a></td></tr><tr><td style=\"white-space:nowrap\">BIOMAT_retrospective<a name=\"ConsentPolicyClassCS-BIOMAT_retrospective\"> </a></td></tr><tr><td style=\"white-space:nowrap\">BIOMAT_analysed_data_retrospective<a name=\"ConsentPolicyClassCS-BIOMAT_analysed_data_retrospective\"> </a></td></tr><tr><td style=\"white-space:nowrap\">BIOMAT_additional_sampling<a name=\"ConsentPolicyClassCS-BIOMAT_additional_sampling\"> </a></td></tr><tr><td style=\"white-space:nowrap\">PII<a name=\"ConsentPolicyClassCS-PII\"> </a></td></tr><tr><td style=\"white-space:nowrap\">IMGDAT<a name=\"ConsentPolicyClassCS-IMGDAT\"> </a></td></tr><tr><td style=\"white-space:nowrap\">HIDAT<a name=\"ConsentPolicyClassCS-HIDAT\"> </a></td></tr><tr><td style=\"white-space:nowrap\">HIDAT_HIPN<a name=\"ConsentPolicyClassCS-HIDAT_HIPN\"> </a></td></tr><tr><td style=\"white-space:nowrap\">HIDAT_retrospective<a name=\"ConsentPolicyClassCS-HIDAT_retrospective\"> </a></td></tr><tr><td style=\"white-space:nowrap\">MDAT<a name=\"ConsentPolicyClassCS-MDAT\"> </a></td></tr><tr><td style=\"white-space:nowrap\">MDAT_GECCO83<a name=\"ConsentPolicyClassCS-MDAT_GECCO83\"> </a></td></tr><tr><td style=\"white-space:nowrap\">MDAT_retrospective<a name=\"ConsentPolicyClassCS-MDAT_retrospective\"> </a></td></tr><tr><td style=\"white-space:nowrap\">BIOMAT_metadata<a name=\"ConsentPolicyClassCS-BIOMAT_metadata\"> </a></td></tr><tr><td style=\"white-space:nowrap\">PIDAT<a name=\"ConsentPolicyClassCS-PIDAT\"> </a></td></tr></table><p><b>Additional Language Displays</b></p><table class=\"codes\"><tr><td><b>Code</b></td><td><b>Deutsch (Deutschland) (German (Germany), de)</b></td><td><b>English (English, en)</b></td></tr><tr><td>BIOMAT</td><td>Biomaterialien</td><td>biosamples</td></tr><tr><td>BIOMAT_analysed_data</td><td>BIOMAT_Analysedaten</td><td>analysed data based on biosamples</td></tr><tr><td>BIOMAT_retrospective</td><td>BIOMAT_retrospektiv</td><td>retrospective biosamples</td></tr><tr><td>BIOMAT_analysed_data_retrospective</td><td>BIOMAT_Analysedaten_retrospektiv</td><td>analysed data based on retrospective biosamples</td></tr><tr><td>BIOMAT_additional_sampling</td><td>BIOMAT_Zusatzmengen</td><td>biosamples, specifically additional sampling</td></tr><tr><td>PII</td><td>IDAT</td><td>personal identifying information</td></tr><tr><td>IMGDAT</td><td>IMGDAT</td><td>images and image data</td></tr><tr><td>HIDAT</td><td>KDAT</td><td>health insurance data</td></tr><tr><td>HIDAT_HIPN</td><td>KDAT_KVNR</td><td>health insurance data, specifically the health insurance member ID or policy number</td></tr><tr><td>HIDAT_retrospective</td><td>KDAT_retrospektiv</td><td>retrospective health insurance data</td></tr><tr><td>MDAT</td><td>MDAT</td><td>medical data</td></tr><tr><td>MDAT_GECCO83</td><td>MDAT_GECCO83</td><td>medical data, specifically the GECCO83 data set</td></tr><tr><td>MDAT_retrospective</td><td>MDAT_retrospektiv</td><td>retrospective medical data</td></tr><tr><td>BIOMAT_metadata</td><td>BIOMAT_Metadaten</td><td>metadata regarding biosamples such as storage and processing</td></tr><tr><td>PIDAT</td><td>PIDAT</td><td>pension insurance data</td></tr></table></div>"
  },
  "url" : "https://ths-greifswald.de/fhir/CodeSystem/gics/ConsentPolicyClass",
  "version" : "2025.2.0",
  "name" : "ConsentPolicyClass",
  "status" : "active",
  "experimental" : false,
  "date" : "2025-06-12",
  "publisher" : "Independent Trusted Third Party of the University Medicine Greifswald",
  "contact" : [{
    "name" : "Independent Trusted Third Party of the University Medicine Greifswald",
    "telecom" : [{
      "system" : "url",
      "value" : "https://www.ths-greifswald.de/"
    }]
  }],
  "description" : "Extensible description of the application perspective of a ConsentPolicy (e.g. selected data view 'IDAT')",
  "purpose" : "First axis 'Class' of the 'Semantic Consent Code (SCC)' for use as Consent.provision.class",
  "copyright" : "Copyright 2020-2025 Unabhängige Treuhandstelle der Universitätsmedizin Greifswald",
  "caseSensitive" : true,
  "content" : "complete",
  "count" : 15,
  "concept" : [{
    "code" : "BIOMAT",
    "display" : "BIOMAT",
    "designation" : [{
      "language" : "de-DE",
      "value" : "Biomaterialien"
    },
    {
      "language" : "en-UK",
      "value" : "biosamples"
    }]
  },
  {
    "code" : "BIOMAT_analysed_data",
    "display" : "BIOMAT_analysed_data",
    "designation" : [{
      "language" : "de-DE",
      "use" : {
        "system" : "http://snomed.info/sct",
        "code" : "900000000000003001"
      },
      "value" : "Auf Biomaterialien basierende Analysedaten"
    },
    {
      "language" : "de-DE",
      "use" : {
        "system" : "http://snomed.info/sct",
        "code" : "900000000000013009"
      },
      "value" : "BIOMAT_Analysedaten"
    },
    {
      "language" : "en-UK",
      "use" : {
        "system" : "http://snomed.info/sct",
        "code" : "900000000000003001"
      },
      "value" : "analysed data based on biosamples"
    }]
  },
  {
    "code" : "BIOMAT_retrospective",
    "display" : "BIOMAT_retrospective",
    "designation" : [{
      "language" : "de-DE",
      "use" : {
        "system" : "http://snomed.info/sct",
        "code" : "900000000000003001"
      },
      "value" : "Retrospektive Biomaterialien"
    },
    {
      "language" : "de-DE",
      "use" : {
        "system" : "http://snomed.info/sct",
        "code" : "900000000000013009"
      },
      "value" : "BIOMAT_retrospektiv"
    },
    {
      "language" : "en-UK",
      "use" : {
        "system" : "http://snomed.info/sct",
        "code" : "900000000000003001"
      },
      "value" : "retrospective biosamples"
    }]
  },
  {
    "code" : "BIOMAT_analysed_data_retrospective",
    "display" : "BIOMAT_analysed_data_retrospective",
    "designation" : [{
      "language" : "de-DE",
      "use" : {
        "system" : "http://snomed.info/sct",
        "code" : "900000000000003001"
      },
      "value" : "Auf retrospektiven Biomaterialien basierende Analysedaten"
    },
    {
      "language" : "de-DE",
      "use" : {
        "system" : "http://snomed.info/sct",
        "code" : "900000000000013009"
      },
      "value" : "BIOMAT_Analysedaten_retrospektiv"
    },
    {
      "language" : "en-UK",
      "use" : {
        "system" : "http://snomed.info/sct",
        "code" : "900000000000003001"
      },
      "value" : "analysed data based on retrospective biosamples"
    }]
  },
  {
    "code" : "BIOMAT_additional_sampling",
    "display" : "BIOMAT_additional_sampling",
    "designation" : [{
      "language" : "de-DE",
      "use" : {
        "system" : "http://snomed.info/sct",
        "code" : "900000000000003001"
      },
      "value" : "Biomaterialien, insbesondere zusätzlicher Mengen"
    },
    {
      "language" : "de-DE",
      "use" : {
        "system" : "http://snomed.info/sct",
        "code" : "900000000000013009"
      },
      "value" : "BIOMAT_Zusatzmengen"
    },
    {
      "language" : "en-UK",
      "use" : {
        "system" : "http://snomed.info/sct",
        "code" : "900000000000003001"
      },
      "value" : "biosamples, specifically additional sampling"
    }]
  },
  {
    "code" : "PII",
    "display" : "PII",
    "designation" : [{
      "language" : "de-DE",
      "use" : {
        "system" : "http://snomed.info/sct",
        "code" : "900000000000003001"
      },
      "value" : "Personenidentifizierende Daten"
    },
    {
      "language" : "de-DE",
      "use" : {
        "system" : "http://snomed.info/sct",
        "code" : "900000000000013009"
      },
      "value" : "IDAT"
    },
    {
      "language" : "en-UK",
      "use" : {
        "system" : "http://snomed.info/sct",
        "code" : "900000000000003001"
      },
      "value" : "personal identifying information"
    }]
  },
  {
    "code" : "IMGDAT",
    "display" : "IMGDAT",
    "designation" : [{
      "language" : "de-DE",
      "use" : {
        "system" : "http://snomed.info/sct",
        "code" : "900000000000003001"
      },
      "value" : "Bilder und Bilddaten"
    },
    {
      "language" : "de-DE",
      "use" : {
        "system" : "http://snomed.info/sct",
        "code" : "900000000000013009"
      },
      "value" : "IMGDAT"
    },
    {
      "language" : "en-UK",
      "use" : {
        "system" : "http://snomed.info/sct",
        "code" : "900000000000003001"
      },
      "value" : "images and image data"
    }]
  },
  {
    "code" : "HIDAT",
    "display" : "HIDAT",
    "designation" : [{
      "language" : "de-DE",
      "use" : {
        "system" : "http://snomed.info/sct",
        "code" : "900000000000003001"
      },
      "value" : "Krankenkassendaten"
    },
    {
      "language" : "de-DE",
      "use" : {
        "system" : "http://snomed.info/sct",
        "code" : "900000000000013009"
      },
      "value" : "KDAT"
    },
    {
      "language" : "en-UK",
      "use" : {
        "system" : "http://snomed.info/sct",
        "code" : "900000000000003001"
      },
      "value" : "health insurance data"
    }]
  },
  {
    "code" : "HIDAT_HIPN",
    "display" : "HIDAT_HIPN",
    "designation" : [{
      "language" : "de-DE",
      "use" : {
        "system" : "http://snomed.info/sct",
        "code" : "900000000000003001"
      },
      "value" : "Krankenkassendaten, insbesondere die Krankenkassenversichertennummer"
    },
    {
      "language" : "de-DE",
      "use" : {
        "system" : "http://snomed.info/sct",
        "code" : "900000000000013009"
      },
      "value" : "KDAT_KVNR"
    },
    {
      "language" : "en-UK",
      "use" : {
        "system" : "http://snomed.info/sct",
        "code" : "900000000000003001"
      },
      "value" : "health insurance data, specifically the health insurance member ID or policy number"
    }]
  },
  {
    "code" : "HIDAT_retrospective",
    "display" : "HIDAT_retrospective",
    "designation" : [{
      "language" : "de-DE",
      "use" : {
        "system" : "http://snomed.info/sct",
        "code" : "900000000000003001"
      },
      "value" : "Retrospektive Krankenkassendaten"
    },
    {
      "language" : "de-DE",
      "use" : {
        "system" : "http://snomed.info/sct",
        "code" : "900000000000013009"
      },
      "value" : "KDAT_retrospektiv"
    },
    {
      "language" : "en-UK",
      "use" : {
        "system" : "http://snomed.info/sct",
        "code" : "900000000000003001"
      },
      "value" : "retrospective health insurance data"
    }]
  },
  {
    "code" : "MDAT",
    "display" : "MDAT",
    "designation" : [{
      "language" : "de-DE",
      "use" : {
        "system" : "http://snomed.info/sct",
        "code" : "900000000000003001"
      },
      "value" : "Medizinische Daten"
    },
    {
      "language" : "de-DE",
      "use" : {
        "system" : "http://snomed.info/sct",
        "code" : "900000000000013009"
      },
      "value" : "MDAT"
    },
    {
      "language" : "en-UK",
      "use" : {
        "system" : "http://snomed.info/sct",
        "code" : "900000000000003001"
      },
      "value" : "medical data"
    }]
  },
  {
    "code" : "MDAT_GECCO83",
    "display" : "MDAT_GECCO83",
    "designation" : [{
      "language" : "de-DE",
      "use" : {
        "system" : "http://snomed.info/sct",
        "code" : "900000000000003001"
      },
      "value" : "Medizinische Daten, insbesondere GECCO83 Datensatz"
    },
    {
      "language" : "de-DE",
      "use" : {
        "system" : "http://snomed.info/sct",
        "code" : "900000000000013009"
      },
      "value" : "MDAT_GECCO83"
    },
    {
      "language" : "en-UK",
      "use" : {
        "system" : "http://snomed.info/sct",
        "code" : "900000000000003001"
      },
      "value" : "medical data, specifically the GECCO83 data set"
    }]
  },
  {
    "code" : "MDAT_retrospective",
    "display" : "MDAT_retrospective",
    "designation" : [{
      "language" : "de-DE",
      "use" : {
        "system" : "http://snomed.info/sct",
        "code" : "900000000000003001"
      },
      "value" : "Retrospektive medizinische Daten"
    },
    {
      "language" : "de-DE",
      "use" : {
        "system" : "http://snomed.info/sct",
        "code" : "900000000000013009"
      },
      "value" : "MDAT_retrospektiv"
    },
    {
      "language" : "en-UK",
      "use" : {
        "system" : "http://snomed.info/sct",
        "code" : "900000000000003001"
      },
      "value" : "retrospective medical data"
    }]
  },
  {
    "code" : "BIOMAT_metadata",
    "display" : "BIOMAT_metadata",
    "designation" : [{
      "language" : "de-DE",
      "use" : {
        "system" : "http://snomed.info/sct",
        "code" : "900000000000003001"
      },
      "value" : "Biomaterialien-spezifische Metadaten wie zum Beispiel zu Lagerung und Prozessierung"
    },
    {
      "language" : "de-DE",
      "use" : {
        "system" : "http://snomed.info/sct",
        "code" : "900000000000013009"
      },
      "value" : "BIOMAT_Metadaten"
    },
    {
      "language" : "en-UK",
      "use" : {
        "system" : "http://snomed.info/sct",
        "code" : "900000000000003001"
      },
      "value" : "metadata regarding biosamples such as storage and processing"
    }]
  },
  {
    "code" : "PIDAT",
    "display" : "PIDAT",
    "designation" : [{
      "language" : "de-DE",
      "use" : {
        "system" : "http://snomed.info/sct",
        "code" : "900000000000003001"
      },
      "value" : "Rentenversicherungsdaten"
    },
    {
      "language" : "de-DE",
      "use" : {
        "system" : "http://snomed.info/sct",
        "code" : "900000000000013009"
      },
      "value" : "PIDAT"
    },
    {
      "language" : "en-UK",
      "use" : {
        "system" : "http://snomed.info/sct",
        "code" : "900000000000003001"
      },
      "value" : "pension insurance data"
    }]
  }]
}