{
  "resourceType" : "CodeSystem",
  "id" : "ConsentStatusCS",
  "text" : {
    "status" : "generated",
    "div" : "<div xmlns=\"http://www.w3.org/1999/xhtml\"><p class=\"res-header-id\"><b>Generated Narrative: CodeSystem ConsentStatusCS</b></p><a name=\"ConsentStatusCS\"> </a><a name=\"hcConsentStatusCS\"> </a><p>This case-sensitive code system <code>https://ths-greifswald.de/fhir/CodeSystem/gics/ConsentStatus</code> defines the following codes:</p><table class=\"codes\"><tr><td style=\"white-space:nowrap\"><b>Code</b></td><td><b>Display</b></td></tr><tr><td style=\"white-space:nowrap\">ACCEPTED<a name=\"ConsentStatusCS-ACCEPTED\"> </a></td><td>ACCEPTED</td></tr><tr><td style=\"white-space:nowrap\">ACCEPTED_OPT_OUT<a name=\"ConsentStatusCS-ACCEPTED_OPT_OUT\"> </a></td><td>ACCEPTED_OPT_OUT</td></tr><tr><td style=\"white-space:nowrap\">DECLINED<a name=\"ConsentStatusCS-DECLINED\"> </a></td><td>DECLINED</td></tr><tr><td style=\"white-space:nowrap\">UNKNOWN<a name=\"ConsentStatusCS-UNKNOWN\"> </a></td><td>UNKNOWN</td></tr><tr><td style=\"white-space:nowrap\">NOT_ASKED<a name=\"ConsentStatusCS-NOT_ASKED\"> </a></td><td>NOT ASKED</td></tr><tr><td style=\"white-space:nowrap\">NOT_CHOSEN<a name=\"ConsentStatusCS-NOT_CHOSEN\"> </a></td><td>NOT CHOSEN</td></tr><tr><td style=\"white-space:nowrap\">WITHDRAWN<a name=\"ConsentStatusCS-WITHDRAWN\"> </a></td><td>WITHDRAWN</td></tr><tr><td style=\"white-space:nowrap\">INVALIDATED<a name=\"ConsentStatusCS-INVALIDATED\"> </a></td><td>INVALIDATED</td></tr><tr><td style=\"white-space:nowrap\">REFUSED<a name=\"ConsentStatusCS-REFUSED\"> </a></td><td>REFUSED</td></tr><tr><td style=\"white-space:nowrap\">EXPIRED<a name=\"ConsentStatusCS-EXPIRED\"> </a></td><td>EXPIRED</td></tr><tr><td style=\"white-space:nowrap\">OBJECTED<a name=\"ConsentStatusCS-OBJECTED\"> </a></td><td>OBJECTED</td></tr></table></div>"
  },
  "url" : "https://ths-greifswald.de/fhir/CodeSystem/gics/ConsentStatus",
  "version" : "2025.2.0",
  "name" : "ConsentStatus",
  "status" : "active",
  "experimental" : false,
  "date" : "2025-06-12",
  "publisher" : "Independent Trusted Third Party of the University Medicine Greifswald",
  "contact" : [{
    "name" : "Independent Trusted Third Party of the University Medicine Greifswald",
    "telecom" : [{
      "system" : "url",
      "value" : "https://www.ths-greifswald.de/"
    }]
  }],
  "description" : " consent states are used to depict the participant’s will. Therefore, documentation should allow different status values. Further details from https://doi.org/10.1186/s12967-020-02457-y",
  "copyright" : "Copyright 2020-2025 Unabhängige Treuhandstelle der Universitätsmedizin Greifswald",
  "caseSensitive" : true,
  "content" : "complete",
  "count" : 11,
  "concept" : [{
    "code" : "ACCEPTED",
    "display" : "ACCEPTED",
    "designation" : [{
      "use" : {
        "system" : "https://ths-greifswald.de/fhir/CodeSystem/gics/DesignationUse",
        "code" : "consent"
      },
      "value" : "Ja"
    },
    {
      "use" : {
        "system" : "https://ths-greifswald.de/fhir/CodeSystem/gics/DesignationUse",
        "code" : "refusal"
      },
      "value" : "Einwilligen"
    },
    {
      "use" : {
        "system" : "https://ths-greifswald.de/fhir/CodeSystem/gics/DesignationUse",
        "code" : "withdrawal"
      },
      "value" : "Erneut einwilligen"
    }]
  },
  {
    "code" : "ACCEPTED_OPT_OUT",
    "display" : "ACCEPTED_OPT_OUT",
    "designation" : [{
      "use" : {
        "system" : "https://ths-greifswald.de/fhir/CodeSystem/gics/DesignationUse",
        "code" : "consent"
      },
      "value" : "Ja (Opt-Out)"
    }]
  },
  {
    "code" : "DECLINED",
    "display" : "DECLINED",
    "designation" : [{
      "use" : {
        "system" : "https://ths-greifswald.de/fhir/CodeSystem/gics/DesignationUse",
        "code" : "consent"
      },
      "value" : "Nein"
    },
    {
      "use" : {
        "system" : "https://ths-greifswald.de/fhir/CodeSystem/gics/DesignationUse",
        "code" : "refusal"
      },
      "value" : "Ja"
    }]
  },
  {
    "code" : "UNKNOWN",
    "display" : "UNKNOWN"
  },
  {
    "code" : "NOT_ASKED",
    "display" : "NOT ASKED",
    "designation" : [{
      "use" : {
        "system" : "https://ths-greifswald.de/fhir/CodeSystem/gics/DesignationUse",
        "code" : "consent"
      },
      "value" : "Nicht gefragt"
    },
    {
      "use" : {
        "system" : "https://ths-greifswald.de/fhir/CodeSystem/gics/DesignationUse",
        "code" : "refusal"
      },
      "value" : "Nicht gefragt"
    },
    {
      "use" : {
        "system" : "https://ths-greifswald.de/fhir/CodeSystem/gics/DesignationUse",
        "code" : "withdrawal"
      },
      "value" : "Nicht gefragt"
    }]
  },
  {
    "code" : "NOT_CHOSEN",
    "display" : "NOT CHOSEN",
    "designation" : [{
      "use" : {
        "system" : "https://ths-greifswald.de/fhir/CodeSystem/gics/DesignationUse",
        "code" : "consent"
      },
      "value" : "Überspringen"
    },
    {
      "use" : {
        "system" : "https://ths-greifswald.de/fhir/CodeSystem/gics/DesignationUse",
        "code" : "refusal"
      },
      "value" : "Nicht gefragt"
    },
    {
      "use" : {
        "system" : "https://ths-greifswald.de/fhir/CodeSystem/gics/DesignationUse",
        "code" : "withdrawal"
      },
      "value" : "Nein"
    }]
  },
  {
    "code" : "WITHDRAWN",
    "display" : "WITHDRAWN",
    "designation" : [{
      "use" : {
        "system" : "https://ths-greifswald.de/fhir/CodeSystem/gics/DesignationUse",
        "code" : "withdrawal"
      },
      "value" : "Ja"
    }]
  },
  {
    "code" : "INVALIDATED",
    "display" : "INVALIDATED"
  },
  {
    "code" : "REFUSED",
    "display" : "REFUSED"
  },
  {
    "code" : "EXPIRED",
    "display" : "EXPIRED"
  },
  {
    "code" : "OBJECTED",
    "display" : "OBJECTED",
    "designation" : [{
      "use" : {
        "system" : "https://ths-greifswald.de/fhir/CodeSystem/gics/DesignationUse",
        "code" : "consent"
      },
      "value" : "Widersprechen"
    }]
  }]
}