<?xml version="1.0" encoding="UTF-8"?>

<ValueSet xmlns="http://hl7.org/fhir">
  <id value="BloomfilterTypeVS"/>
  <text>
    <status value="generated"/><div xmlns="http://www.w3.org/1999/xhtml"><p class="res-header-id"><b>Generated Narrative: ValueSet BloomfilterTypeVS</b></p><a name="BloomfilterTypeVS"> </a><a name="hcBloomfilterTypeVS"> </a><ul><li>Include all codes defined in <a href="CodeSystem-BloomfilterTypeCS.html"><code>https://ths-greifswald.de/fhir/CodeSystem/epix/BloomfilterType</code></a><span title="Version is not explicitly stated, which means it is fixed to the version provided in this specification"> version &#x1F4E6;2025.2.0</span></li></ul></div>
  </text>
  <url value="https://ths-greifswald.de/fhir/ValueSet/epix/BloomfilterType"/>
  <version value="2025.2.0"/>
  <name value="BloomfilterType"/>
  <status value="draft"/>
  <experimental value="false"/>
  <date value="2025-06-12"/>
  <publisher value="Independent Trusted Third Party of the University Medicine Greifswald"/>
  <contact>
    <name value="Independent Trusted Third Party of the University Medicine Greifswald"/>
    <telecom>
      <system value="url"/>
      <value value="https://www.ths-greifswald.de/"/>
    </telecom>
  </contact>
  <description value="Types of Bloomfilters. (DRAFT)"/>
  <copyright value="Copyright 2020-2025 Unabhängige Treuhandstelle der Universitätsmedizin Greifswald"/>
  <compose>
    <include>
      <system value="https://ths-greifswald.de/fhir/CodeSystem/epix/BloomfilterType"/>
    </include>
  </compose>
</ValueSet>