{
  "resourceType" : "ValueSet",
  "id" : "ConsentStatusObjectionShortValuesVS",
  "text" : {
    "status" : "generated",
    "div" : "<div xmlns=\"http://www.w3.org/1999/xhtml\"><p class=\"res-header-id\"><b>Generated Narrative: ValueSet ConsentStatusObjectionShortValuesVS</b></p><a name=\"ConsentStatusObjectionShortValuesVS\"> </a><a name=\"hcConsentStatusObjectionShortValuesVS\"> </a><p>This value set contains 1 concepts</p><table class=\"codes\"><tr><td><b>System</b></td><td style=\"white-space:nowrap\"><b>Code</b></td><td><b>Display</b></td></tr><tr><td><a name=\"ConsentStatusObjectionShortValuesVS-https://ths-greifswald.de/fhir/CodeSystem/gics/ConsentStatus-OBJECTED\"> </a><code>https://ths-greifswald.de/fhir/CodeSystem/gics/ConsentStatus</code></td><td style=\"white-space:nowrap\">\u00a0\u00a0<a href=\"CodeSystem-ConsentStatusCS.html#ConsentStatusCS-OBJECTED\">OBJECTED</a></td><td>Widersprechen</td></tr></table></div>"
  },
  "url" : "https://ths-greifswald.de/fhir/ValueSet/gics/ConsentStatusObjectionShortValues",
  "version" : "2025.2.0",
  "name" : "ConsentStatusObjectionShortValues",
  "status" : "active",
  "experimental" : false,
  "date" : "2025-06-12",
  "publisher" : "Independent Trusted Third Party of the University Medicine Greifswald",
  "contact" : [{
    "name" : "Independent Trusted Third Party of the University Medicine Greifswald",
    "telecom" : [{
      "system" : "url",
      "value" : "https://www.ths-greifswald.de/"
    }]
  }],
  "description" : "consent states - minimal subset OBJECTION documents",
  "copyright" : "Copyright 2020-2025 Unabhängige Treuhandstelle der Universitätsmedizin Greifswald",
  "compose" : {
    "include" : [{
      "system" : "https://ths-greifswald.de/fhir/CodeSystem/gics/ConsentStatus",
      "concept" : [{
        "code" : "OBJECTED"
      }]
    }]
  },
  "expansion" : {
    "timestamp" : "2024-10-04T12:00:00Z",
    "total" : 1,
    "contains" : [{
      "system" : "https://ths-greifswald.de/fhir/CodeSystem/gics/ConsentStatus",
      "code" : "OBJECTED",
      "display" : "Widersprechen"
    }]
  }
}