{
  "resourceType" : "ValueSet",
  "id" : "MatchStatusVS",
  "text" : {
    "status" : "generated",
    "div" : "<div xmlns=\"http://www.w3.org/1999/xhtml\"><p class=\"res-header-id\"><b>Generated Narrative: ValueSet MatchStatusVS</b></p><a name=\"MatchStatusVS\"> </a><a name=\"hcMatchStatusVS\"> </a><p>This value set contains 8 concepts</p><table class=\"codes\"><tr><td><b>System</b></td><td style=\"white-space:nowrap\"><b>Code</b></td><td><b>Display</b></td></tr><tr><td><a name=\"MatchStatusVS-https://ths-greifswald.de/fhir/CodeSystem/epix/MatchStatus-EXTERNAL_MATCH\"> </a><code>https://ths-greifswald.de/fhir/CodeSystem/epix/MatchStatus</code></td><td style=\"white-space:nowrap\">\u00a0\u00a0<a href=\"CodeSystem-MatchStatusCS.html#MatchStatusCS-EXTERNAL_MATCH\">EXTERNAL_MATCH</a></td><td>external match</td></tr><tr><td><a name=\"MatchStatusVS-https://ths-greifswald.de/fhir/CodeSystem/epix/MatchStatus-MATCH\"> </a><code>https://ths-greifswald.de/fhir/CodeSystem/epix/MatchStatus</code></td><td style=\"white-space:nowrap\">\u00a0\u00a0<a href=\"CodeSystem-MatchStatusCS.html#MatchStatusCS-MATCH\">MATCH</a></td><td>match</td></tr><tr><td><a name=\"MatchStatusVS-https://ths-greifswald.de/fhir/CodeSystem/epix/MatchStatus-MATCH_ERROR\"> </a><code>https://ths-greifswald.de/fhir/CodeSystem/epix/MatchStatus</code></td><td style=\"white-space:nowrap\">\u00a0\u00a0<a href=\"CodeSystem-MatchStatusCS.html#MatchStatusCS-MATCH_ERROR\">MATCH_ERROR</a></td><td>match error</td></tr><tr><td><a name=\"MatchStatusVS-https://ths-greifswald.de/fhir/CodeSystem/epix/MatchStatus-MULTIPLE_MATCH\"> </a><code>https://ths-greifswald.de/fhir/CodeSystem/epix/MatchStatus</code></td><td style=\"white-space:nowrap\">\u00a0\u00a0<a href=\"CodeSystem-MatchStatusCS.html#MatchStatusCS-MULTIPLE_MATCH\">MULTIPLE_MATCH</a></td><td>multiple match</td></tr><tr><td><a name=\"MatchStatusVS-https://ths-greifswald.de/fhir/CodeSystem/epix/MatchStatus-NO_MATCH\"> </a><code>https://ths-greifswald.de/fhir/CodeSystem/epix/MatchStatus</code></td><td style=\"white-space:nowrap\">\u00a0\u00a0<a href=\"CodeSystem-MatchStatusCS.html#MatchStatusCS-NO_MATCH\">NO_MATCH</a></td><td>no match</td></tr><tr><td><a name=\"MatchStatusVS-https://ths-greifswald.de/fhir/CodeSystem/epix/MatchStatus-PERFECT_MATCH\"> </a><code>https://ths-greifswald.de/fhir/CodeSystem/epix/MatchStatus</code></td><td style=\"white-space:nowrap\">\u00a0\u00a0<a href=\"CodeSystem-MatchStatusCS.html#MatchStatusCS-PERFECT_MATCH\">PERFECT_MATCH</a></td><td>perfect match</td></tr><tr><td><a name=\"MatchStatusVS-https://ths-greifswald.de/fhir/CodeSystem/epix/MatchStatus-PERFECT_MATCH_WITH_UPDATE\"> </a><code>https://ths-greifswald.de/fhir/CodeSystem/epix/MatchStatus</code></td><td style=\"white-space:nowrap\">\u00a0\u00a0<a href=\"CodeSystem-MatchStatusCS.html#MatchStatusCS-PERFECT_MATCH_WITH_UPDATE\">PERFECT_MATCH_WITH_UPDATE</a></td><td>perfect match with update</td></tr><tr><td><a name=\"MatchStatusVS-https://ths-greifswald.de/fhir/CodeSystem/epix/MatchStatus-POSSIBLE_MATCH\"> </a><code>https://ths-greifswald.de/fhir/CodeSystem/epix/MatchStatus</code></td><td style=\"white-space:nowrap\">\u00a0\u00a0<a href=\"CodeSystem-MatchStatusCS.html#MatchStatusCS-POSSIBLE_MATCH\">POSSIBLE_MATCH</a></td><td>possible match</td></tr></table></div>"
  },
  "url" : "https://ths-greifswald.de/fhir/ValueSet/epix/MatchStatus",
  "version" : "2025.2.0",
  "name" : "MatchStatus",
  "status" : "active",
  "experimental" : false,
  "date" : "2025-06-12",
  "publisher" : "Independent Trusted Third Party of the University Medicine Greifswald",
  "contact" : [{
    "name" : "Independent Trusted Third Party of the University Medicine Greifswald",
    "telecom" : [{
      "system" : "url",
      "value" : "https://www.ths-greifswald.de/"
    }]
  }],
  "description" : "Possible match statuses in the context of adding patient identities. ",
  "copyright" : "Copyright 2020-2025 Unabhängige Treuhandstelle der Universitätsmedizin Greifswald",
  "compose" : {
    "include" : [{
      "system" : "https://ths-greifswald.de/fhir/CodeSystem/epix/MatchStatus"
    }]
  },
  "expansion" : {
    "timestamp" : "2021-10-28T12:00:00.000+02:00",
    "total" : 8,
    "contains" : [{
      "system" : "https://ths-greifswald.de/fhir/CodeSystem/epix/MatchStatus",
      "code" : "EXTERNAL_MATCH",
      "display" : "external match"
    },
    {
      "system" : "https://ths-greifswald.de/fhir/CodeSystem/epix/MatchStatus",
      "code" : "MATCH",
      "display" : "match"
    },
    {
      "system" : "https://ths-greifswald.de/fhir/CodeSystem/epix/MatchStatus",
      "code" : "MATCH_ERROR",
      "display" : "match error"
    },
    {
      "system" : "https://ths-greifswald.de/fhir/CodeSystem/epix/MatchStatus",
      "code" : "MULTIPLE_MATCH",
      "display" : "multiple match"
    },
    {
      "system" : "https://ths-greifswald.de/fhir/CodeSystem/epix/MatchStatus",
      "code" : "NO_MATCH",
      "display" : "no match"
    },
    {
      "system" : "https://ths-greifswald.de/fhir/CodeSystem/epix/MatchStatus",
      "code" : "PERFECT_MATCH",
      "display" : "perfect match"
    },
    {
      "system" : "https://ths-greifswald.de/fhir/CodeSystem/epix/MatchStatus",
      "code" : "PERFECT_MATCH_WITH_UPDATE",
      "display" : "perfect match with update"
    },
    {
      "system" : "https://ths-greifswald.de/fhir/CodeSystem/epix/MatchStatus",
      "code" : "POSSIBLE_MATCH",
      "display" : "possible match"
    }]
  }
}