<?xml version="1.0" encoding="UTF-8"?>

<ValueSet xmlns="http://hl7.org/fhir">
  <id value="ConsentPolicyClassVS"/>
  <text>
    <status value="generated"/><div xmlns="http://www.w3.org/1999/xhtml"><p class="res-header-id"><b>Generated Narrative: ValueSet ConsentPolicyClassVS</b></p><a name="ConsentPolicyClassVS"> </a><a name="hcConsentPolicyClassVS"> </a><ul><li>Include all codes defined in <code>https://ths-greifswald.de/fhir/CodeSystem/ConsentPolicyClass</code><span title="Version is not explicitly stated. No matching Code System found"> version Not Stated (use latest from terminology server)</span></li></ul></div>
  </text>
  <url value="https://ths-greifswald.de/fhir/ValueSet/gics/ConsentPolicyClass"/>
  <version value="2025.2.0"/>
  <name value="ConsentPolicyClass"/>
  <status value="active"/>
  <experimental value="false"/>
  <date value="2025-06-12"/>
  <publisher value="Independent Trusted Third Party of the University Medicine Greifswald"/>
  <contact>
    <name value="Independent Trusted Third Party of the University Medicine Greifswald"/>
    <telecom>
      <system value="url"/>
      <value value="https://www.ths-greifswald.de/"/>
    </telecom>
  </contact>
  <description value="Extensible description of the application perspective of a ConsentPolicy (e.g. selected data view 'IDAT') "/>
  <copyright value="Copyright 2020-2025 Unabhängige Treuhandstelle der Universitätsmedizin Greifswald"/>
  <compose>
    <include>
      <system value="https://ths-greifswald.de/fhir/CodeSystem/ConsentPolicyClass"/>
    </include>
  </compose>
</ValueSet>