{
  "resourceType" : "ValueSet",
  "id" : "ConsentStatusConsentFullValuesVS",
  "text" : {
    "status" : "generated",
    "div" : "<div xmlns=\"http://www.w3.org/1999/xhtml\"><p class=\"res-header-id\"><b>Generated Narrative: ValueSet ConsentStatusConsentFullValuesVS</b></p><a name=\"ConsentStatusConsentFullValuesVS\"> </a><a name=\"hcConsentStatusConsentFullValuesVS\"> </a><p>This value set contains 4 concepts</p><table class=\"codes\"><tr><td><b>System</b></td><td style=\"white-space:nowrap\"><b>Code</b></td><td><b>Display</b></td></tr><tr><td><a name=\"ConsentStatusConsentFullValuesVS-https://ths-greifswald.de/fhir/CodeSystem/gics/ConsentStatus-ACCEPTED\"> </a><code>https://ths-greifswald.de/fhir/CodeSystem/gics/ConsentStatus</code></td><td style=\"white-space:nowrap\">\u00a0\u00a0<a href=\"CodeSystem-ConsentStatusCS.html#ConsentStatusCS-ACCEPTED\">ACCEPTED</a></td><td>Ja</td></tr><tr><td><a name=\"ConsentStatusConsentFullValuesVS-https://ths-greifswald.de/fhir/CodeSystem/gics/ConsentStatus-DECLINED\"> </a><code>https://ths-greifswald.de/fhir/CodeSystem/gics/ConsentStatus</code></td><td style=\"white-space:nowrap\">\u00a0\u00a0<a href=\"CodeSystem-ConsentStatusCS.html#ConsentStatusCS-DECLINED\">DECLINED</a></td><td>Nein</td></tr><tr><td><a name=\"ConsentStatusConsentFullValuesVS-https://ths-greifswald.de/fhir/CodeSystem/gics/ConsentStatus-NOT_ASKED\"> </a><code>https://ths-greifswald.de/fhir/CodeSystem/gics/ConsentStatus</code></td><td style=\"white-space:nowrap\">\u00a0\u00a0<a href=\"CodeSystem-ConsentStatusCS.html#ConsentStatusCS-NOT_ASKED\">NOT_ASKED</a></td><td>Nicht gefragt</td></tr><tr><td><a name=\"ConsentStatusConsentFullValuesVS-https://ths-greifswald.de/fhir/CodeSystem/gics/ConsentStatus-NOT_CHOSEN\"> </a><code>https://ths-greifswald.de/fhir/CodeSystem/gics/ConsentStatus</code></td><td style=\"white-space:nowrap\">\u00a0\u00a0<a href=\"CodeSystem-ConsentStatusCS.html#ConsentStatusCS-NOT_CHOSEN\">NOT_CHOSEN</a></td><td>Überspringen</td></tr></table></div>"
  },
  "url" : "https://ths-greifswald.de/fhir/ValueSet/gics/ConsentStatusConsentFullValues",
  "version" : "2025.2.0",
  "name" : "ConsentStatusConsentFullValues",
  "status" : "active",
  "experimental" : false,
  "date" : "2025-06-12",
  "publisher" : "Unabhängige Treuhandstelle der Universitätsmedizin Greifswald",
  "contact" : [{
    "name" : "Unabhängige Treuhandstelle der Universitätsmedizin Greifswald",
    "telecom" : [{
      "system" : "url",
      "value" : "https://www.ths-greifswald.de/"
    }]
  }],
  "copyright" : "Copyright 2020-2025 Unabhängige Treuhandstelle der Universitätsmedizin Greifswald",
  "compose" : {
    "include" : [{
      "system" : "https://ths-greifswald.de/fhir/CodeSystem/gics/ConsentStatus",
      "concept" : [{
        "code" : "ACCEPTED"
      },
      {
        "code" : "DECLINED"
      },
      {
        "code" : "NOT_ASKED"
      },
      {
        "code" : "NOT_CHOSEN"
      }]
    }]
  },
  "expansion" : {
    "timestamp" : "2021-04-12T12:00:00Z",
    "total" : 4,
    "parameter" : [{
      "name" : "designation",
      "valueCode" : "consent"
    }],
    "contains" : [{
      "system" : "https://ths-greifswald.de/fhir/CodeSystem/gics/ConsentStatus",
      "code" : "ACCEPTED",
      "display" : "Ja"
    },
    {
      "system" : "https://ths-greifswald.de/fhir/CodeSystem/gics/ConsentStatus",
      "code" : "DECLINED",
      "display" : "Nein"
    },
    {
      "system" : "https://ths-greifswald.de/fhir/CodeSystem/gics/ConsentStatus",
      "code" : "NOT_ASKED",
      "display" : "Nicht gefragt"
    },
    {
      "system" : "https://ths-greifswald.de/fhir/CodeSystem/gics/ConsentStatus",
      "code" : "NOT_CHOSEN",
      "display" : "Überspringen"
    }]
  }
}