{
  "resourceType" : "ValueSet",
  "id" : "ConsentStatusVS",
  "text" : {
    "status" : "generated",
    "div" : "<div xmlns=\"http://www.w3.org/1999/xhtml\"><p class=\"res-header-id\"><b>Generated Narrative: ValueSet ConsentStatusVS</b></p><a name=\"ConsentStatusVS\"> </a><a name=\"hcConsentStatusVS\"> </a><p>This value set contains 11 concepts</p><table class=\"codes\"><tr><td><b>System</b></td><td style=\"white-space:nowrap\"><b>Code</b></td><td><b>Display</b></td></tr><tr><td><a name=\"ConsentStatusVS-https://ths-greifswald.de/fhir/CodeSystem/gics/ConsentStatus-ACCEPTED\"> </a><code>https://ths-greifswald.de/fhir/CodeSystem/gics/ConsentStatus</code></td><td style=\"white-space:nowrap\">\u00a0\u00a0<a href=\"CodeSystem-ConsentStatusCS.html#ConsentStatusCS-ACCEPTED\">ACCEPTED</a></td><td>ACCEPTED</td></tr><tr><td><a name=\"ConsentStatusVS-https://ths-greifswald.de/fhir/CodeSystem/gics/ConsentStatus-ACCEPTED_OPT_OUT\"> </a><code>https://ths-greifswald.de/fhir/CodeSystem/gics/ConsentStatus</code></td><td style=\"white-space:nowrap\">\u00a0\u00a0<a href=\"CodeSystem-ConsentStatusCS.html#ConsentStatusCS-ACCEPTED_OPT_OUT\">ACCEPTED_OPT_OUT</a></td><td>ACCEPTED_OPT_OUT</td></tr><tr><td><a name=\"ConsentStatusVS-https://ths-greifswald.de/fhir/CodeSystem/gics/ConsentStatus-DECLINED\"> </a><code>https://ths-greifswald.de/fhir/CodeSystem/gics/ConsentStatus</code></td><td style=\"white-space:nowrap\">\u00a0\u00a0<a href=\"CodeSystem-ConsentStatusCS.html#ConsentStatusCS-DECLINED\">DECLINED</a></td><td>DECLINED</td></tr><tr><td><a name=\"ConsentStatusVS-https://ths-greifswald.de/fhir/CodeSystem/gics/ConsentStatus-UNKNOWN\"> </a><code>https://ths-greifswald.de/fhir/CodeSystem/gics/ConsentStatus</code></td><td style=\"white-space:nowrap\">\u00a0\u00a0<a href=\"CodeSystem-ConsentStatusCS.html#ConsentStatusCS-UNKNOWN\">UNKNOWN</a></td><td>UNKNOWN</td></tr><tr><td><a name=\"ConsentStatusVS-https://ths-greifswald.de/fhir/CodeSystem/gics/ConsentStatus-NOT_ASKED\"> </a><code>https://ths-greifswald.de/fhir/CodeSystem/gics/ConsentStatus</code></td><td style=\"white-space:nowrap\">\u00a0\u00a0<a href=\"CodeSystem-ConsentStatusCS.html#ConsentStatusCS-NOT_ASKED\">NOT_ASKED</a></td><td>NOT ASKED</td></tr><tr><td><a name=\"ConsentStatusVS-https://ths-greifswald.de/fhir/CodeSystem/gics/ConsentStatus-NOT_CHOSEN\"> </a><code>https://ths-greifswald.de/fhir/CodeSystem/gics/ConsentStatus</code></td><td style=\"white-space:nowrap\">\u00a0\u00a0<a href=\"CodeSystem-ConsentStatusCS.html#ConsentStatusCS-NOT_CHOSEN\">NOT_CHOSEN</a></td><td>NOT CHOSEN</td></tr><tr><td><a name=\"ConsentStatusVS-https://ths-greifswald.de/fhir/CodeSystem/gics/ConsentStatus-WITHDRAWN\"> </a><code>https://ths-greifswald.de/fhir/CodeSystem/gics/ConsentStatus</code></td><td style=\"white-space:nowrap\">\u00a0\u00a0<a href=\"CodeSystem-ConsentStatusCS.html#ConsentStatusCS-WITHDRAWN\">WITHDRAWN</a></td><td>WITHDRAWN</td></tr><tr><td><a name=\"ConsentStatusVS-https://ths-greifswald.de/fhir/CodeSystem/gics/ConsentStatus-INVALIDATED\"> </a><code>https://ths-greifswald.de/fhir/CodeSystem/gics/ConsentStatus</code></td><td style=\"white-space:nowrap\">\u00a0\u00a0<a href=\"CodeSystem-ConsentStatusCS.html#ConsentStatusCS-INVALIDATED\">INVALIDATED</a></td><td>INVALIDATED</td></tr><tr><td><a name=\"ConsentStatusVS-https://ths-greifswald.de/fhir/CodeSystem/gics/ConsentStatus-REFUSED\"> </a><code>https://ths-greifswald.de/fhir/CodeSystem/gics/ConsentStatus</code></td><td style=\"white-space:nowrap\">\u00a0\u00a0<a href=\"CodeSystem-ConsentStatusCS.html#ConsentStatusCS-REFUSED\">REFUSED</a></td><td>REFUSED</td></tr><tr><td><a name=\"ConsentStatusVS-https://ths-greifswald.de/fhir/CodeSystem/gics/ConsentStatus-EXPIRED\"> </a><code>https://ths-greifswald.de/fhir/CodeSystem/gics/ConsentStatus</code></td><td style=\"white-space:nowrap\">\u00a0\u00a0<a href=\"CodeSystem-ConsentStatusCS.html#ConsentStatusCS-EXPIRED\">EXPIRED</a></td><td>EXPIRED</td></tr><tr><td><a name=\"ConsentStatusVS-https://ths-greifswald.de/fhir/CodeSystem/gics/ConsentStatus-OBJECTED\"> </a><code>https://ths-greifswald.de/fhir/CodeSystem/gics/ConsentStatus</code></td><td style=\"white-space:nowrap\">\u00a0\u00a0<a href=\"CodeSystem-ConsentStatusCS.html#ConsentStatusCS-OBJECTED\">OBJECTED</a></td><td>OBJECTED</td></tr></table></div>"
  },
  "url" : "https://ths-greifswald.de/fhir/ValueSet/gics/ConsentStatus",
  "version" : "2025.2.0",
  "name" : "ConsentStatus",
  "status" : "active",
  "experimental" : false,
  "date" : "2025-06-12",
  "publisher" : "Unabhängige Treuhandstelle der Universitätsmedizin Greifswald",
  "contact" : [{
    "name" : "Unabhängige Treuhandstelle der Universitätsmedizin Greifswald",
    "telecom" : [{
      "system" : "url",
      "value" : "https://www.ths-greifswald.de/"
    }]
  }],
  "copyright" : "Copyright 2020-2025 Unabhängige Treuhandstelle der Universitätsmedizin Greifswald",
  "compose" : {
    "include" : [{
      "system" : "https://ths-greifswald.de/fhir/CodeSystem/gics/ConsentStatus"
    }]
  },
  "expansion" : {
    "timestamp" : "2021-04-12T12:00:00Z",
    "total" : 11,
    "contains" : [{
      "system" : "https://ths-greifswald.de/fhir/CodeSystem/gics/ConsentStatus",
      "code" : "ACCEPTED",
      "display" : "ACCEPTED"
    },
    {
      "system" : "https://ths-greifswald.de/fhir/CodeSystem/gics/ConsentStatus",
      "code" : "ACCEPTED_OPT_OUT",
      "display" : "ACCEPTED_OPT_OUT"
    },
    {
      "system" : "https://ths-greifswald.de/fhir/CodeSystem/gics/ConsentStatus",
      "code" : "DECLINED",
      "display" : "DECLINED"
    },
    {
      "system" : "https://ths-greifswald.de/fhir/CodeSystem/gics/ConsentStatus",
      "code" : "UNKNOWN",
      "display" : "UNKNOWN"
    },
    {
      "system" : "https://ths-greifswald.de/fhir/CodeSystem/gics/ConsentStatus",
      "code" : "NOT_ASKED",
      "display" : "NOT ASKED"
    },
    {
      "system" : "https://ths-greifswald.de/fhir/CodeSystem/gics/ConsentStatus",
      "code" : "NOT_CHOSEN",
      "display" : "NOT CHOSEN"
    },
    {
      "system" : "https://ths-greifswald.de/fhir/CodeSystem/gics/ConsentStatus",
      "code" : "WITHDRAWN",
      "display" : "WITHDRAWN"
    },
    {
      "system" : "https://ths-greifswald.de/fhir/CodeSystem/gics/ConsentStatus",
      "code" : "INVALIDATED",
      "display" : "INVALIDATED"
    },
    {
      "system" : "https://ths-greifswald.de/fhir/CodeSystem/gics/ConsentStatus",
      "code" : "REFUSED",
      "display" : "REFUSED"
    },
    {
      "system" : "https://ths-greifswald.de/fhir/CodeSystem/gics/ConsentStatus",
      "code" : "EXPIRED",
      "display" : "EXPIRED"
    },
    {
      "system" : "https://ths-greifswald.de/fhir/CodeSystem/gics/ConsentStatus",
      "code" : "OBJECTED",
      "display" : "OBJECTED"
    }]
  }
}