<?xml version="1.0" encoding="UTF-8"?>

<ValueSet xmlns="http://hl7.org/fhir">
  <id value="ConsentStatusObjectionShortValuesVS"/>
  <text>
    <status value="generated"/><div xmlns="http://www.w3.org/1999/xhtml"><p class="res-header-id"><b>Generated Narrative: ValueSet ConsentStatusObjectionShortValuesVS</b></p><a name="ConsentStatusObjectionShortValuesVS"> </a><a name="hcConsentStatusObjectionShortValuesVS"> </a><p>This value set contains 1 concepts</p><table class="codes"><tr><td><b>System</b></td><td style="white-space:nowrap"><b>Code</b></td><td><b>Display</b></td></tr><tr><td><a name="ConsentStatusObjectionShortValuesVS-https://ths-greifswald.de/fhir/CodeSystem/gics/ConsentStatus-OBJECTED"> </a><code>https://ths-greifswald.de/fhir/CodeSystem/gics/ConsentStatus</code></td><td style="white-space:nowrap">  <a href="CodeSystem-ConsentStatusCS.html#ConsentStatusCS-OBJECTED">OBJECTED</a></td><td>Widersprechen</td></tr></table></div>
  </text>
  <url value="https://ths-greifswald.de/fhir/ValueSet/gics/ConsentStatusObjectionShortValues"/>
  <version value="2025.2.0"/>
  <name value="ConsentStatusObjectionShortValues"/>
  <status value="active"/>
  <experimental value="false"/>
  <date value="2025-06-12"/>
  <publisher value="Independent Trusted Third Party of the University Medicine Greifswald"/>
  <contact>
    <name value="Independent Trusted Third Party of the University Medicine Greifswald"/>
    <telecom>
      <system value="url"/>
      <value value="https://www.ths-greifswald.de/"/>
    </telecom>
  </contact>
  <description value="consent states - minimal subset OBJECTION documents"/>
  <copyright value="Copyright 2020-2025 Unabhängige Treuhandstelle der Universitätsmedizin Greifswald"/>
  <compose>
    <include>
      <system value="https://ths-greifswald.de/fhir/CodeSystem/gics/ConsentStatus"/>
      <concept>
        <code value="OBJECTED"/>
      </concept>
    </include>
  </compose>
  <expansion>
    <timestamp value="2024-10-04T12:00:00Z"/>
    <total value="1"/>
    <contains>
      <system value="https://ths-greifswald.de/fhir/CodeSystem/gics/ConsentStatus"/>
      <code value="OBJECTED"/>
      <display value="Widersprechen"/>
    </contains>
  </expansion>
</ValueSet>