{
  "resourceType" : "ValueSet",
  "id" : "ConsentPolicyActionVS",
  "text" : {
    "status" : "generated",
    "div" : "<div xmlns=\"http://www.w3.org/1999/xhtml\"><p class=\"res-header-id\"><b>Generated Narrative: ValueSet ConsentPolicyActionVS</b></p><a name=\"ConsentPolicyActionVS\"> </a><a name=\"hcConsentPolicyActionVS\"> </a><ul><li>Include all codes defined in <code>https://ths-greifswald.de/fhir/CodeSystem/ConsentPolicyAction</code><span title=\"Version is not explicitly stated. No matching Code System found\"> version Not Stated (use latest from terminology server)</span></li></ul></div>"
  },
  "url" : "https://ths-greifswald.de/fhir/ValueSet/gics/ConsentPolicyAction",
  "version" : "2025.2.0",
  "name" : "ConsentPolicyAction",
  "status" : "active",
  "experimental" : false,
  "date" : "2025-06-12",
  "publisher" : "Independent Trusted Third Party of the University Medicine Greifswald",
  "contact" : [{
    "name" : "Independent Trusted Third Party of the University Medicine Greifswald",
    "telecom" : [{
      "system" : "url",
      "value" : "https://www.ths-greifswald.de/"
    }]
  }],
  "description" : "Extensible description of the permissible (data processing-) action resulting from consented module or policy. ",
  "copyright" : "Copyright 2020-2025 Unabhängige Treuhandstelle der Universitätsmedizin Greifswald",
  "compose" : {
    "include" : [{
      "system" : "https://ths-greifswald.de/fhir/CodeSystem/ConsentPolicyAction"
    }]
  }
}