{
  "codeSystems" : [
    {
      "url" : "http://hl7.org/fhir/ValueSet/consent-provision-type",
      "version" : "4.0.1",
      "status" : "draft",
      "name" : "ConsentProvisionType",
      "title" : "ConsentProvisionType",
      "description" : "How a rule statement is applied, such as adding additional consent or removing consent.",
      "systems" : ["http://hl7.org/fhir/consent-provision-type"],
      "oids" : ["2.16.840.1.113883.4.642.3.757"],
      "sources" : ["2.16.840.1.113883.4.642.3.757"],
      "uses" : {
      },
      "ValueSet-PolicyStatusVS.html" : "PolicyStatus"
    },
    {
      "url" : "https://ths-greifswald.de/fhir/ValueSet/dispatcher/IdatElements",
      "version" : "2025.2.0",
      "status" : "active",
      "name" : "IdatElements",
      "title" : null,
      "description" : "Element names for use in $requestTasks operation.",
      "systems" : [
        "https://ths-greifswald.de/fhir/CodeSystem/dispatcher/IdatElements"
      ]
    },
    {
      "url" : "https://ths-greifswald.de/fhir/ValueSet/epix/BloomfilterType",
      "version" : "2025.2.0",
      "status" : "draft",
      "name" : "BloomfilterType",
      "title" : null,
      "description" : "Types of Bloomfilters. (DRAFT)",
      "systems" : [
        "https://ths-greifswald.de/fhir/CodeSystem/epix/BloomfilterType"
      ]
    },
    {
      "url" : "https://ths-greifswald.de/fhir/ValueSet/epix/MatchStatus",
      "version" : "2025.2.0",
      "status" : "active",
      "name" : "MatchStatus",
      "title" : null,
      "description" : "Possible match statuses in the context of adding patient identities.",
      "systems" : ["https://ths-greifswald.de/fhir/CodeSystem/epix/MatchStatus"]
    },
    {
      "url" : "https://ths-greifswald.de/fhir/ValueSet/epix/SaveAction",
      "version" : "2025.2.0",
      "status" : "active",
      "name" : "SaveAction",
      "title" : null,
      "description" : "Possible save actions in the context of adding patient identities.",
      "systems" : ["https://ths-greifswald.de/fhir/CodeSystem/epix/SaveAction"]
    },
    {
      "url" : "https://ths-greifswald.de/fhir/ValueSet/gics/ConsentComponentType",
      "version" : "2025.2.0",
      "status" : "active",
      "name" : "ConsentComponentType",
      "title" : null,
      "description" : "Types of consent components relevant to gICS for differentiation as a search criterion",
      "systems" : [
        "http://fhir.de/ConsentManagement/CodeSystem/QuestionnaireComponents",
        "https://ths-greifswald.de/fhir/CodeSystem/gics/ConsentComponentType"
      ]
    },
    {
      "url" : "https://ths-greifswald.de/fhir/ValueSet/gics/ConsentPolicyAction",
      "version" : "2025.2.0",
      "status" : "active",
      "name" : "ConsentPolicyAction",
      "title" : null,
      "description" : "Extensible description of the permissible (data processing-) action resulting from consented module or policy.",
      "systems" : [
        "https://ths-greifswald.de/fhir/CodeSystem/ConsentPolicyAction"
      ]
    },
    {
      "url" : "https://ths-greifswald.de/fhir/ValueSet/gics/ConsentPolicyActor",
      "version" : "2025.2.0",
      "status" : "active",
      "name" : "ConsentPolicyActor",
      "title" : null,
      "description" : "Expandable categorisation of consumer/requestor of a consent enforcement request related to a specific consent component (e.g. policy or module)",
      "systems" : [
        "https://ths-greifswald.de/fhir/CodeSystem/ConsentPolicyActor"
      ]
    },
    {
      "url" : "https://ths-greifswald.de/fhir/ValueSet/gics/ConsentPolicyClass",
      "version" : "2025.2.0",
      "status" : "active",
      "name" : "ConsentPolicyClass",
      "title" : null,
      "description" : "Extensible description of the application perspective of a ConsentPolicy (e.g. selected data view 'IDAT')",
      "systems" : [
        "https://ths-greifswald.de/fhir/CodeSystem/ConsentPolicyClass"
      ]
    },
    {
      "url" : "https://ths-greifswald.de/fhir/ValueSet/gics/ConsentPolicyPurpose",
      "version" : "2025.2.0",
      "status" : "active",
      "name" : "ConsentPolicyPurpose",
      "title" : null,
      "description" : "Expandable specification of the application context and/or scope of a consent policy or module",
      "systems" : [
        "https://ths-greifswald.de/fhir/CodeSystem/ConsentPolicyPurpose"
      ]
    },
    {
      "url" : "https://ths-greifswald.de/fhir/ValueSet/gics/ConsentStatus",
      "version" : "2025.2.0",
      "status" : "active",
      "name" : "ConsentStatus",
      "title" : null,
      "description" : "consent states are used to depict the participant’s will. Therefore, documentation should allow different status values. Further details from https://doi.org/10.1186/s12967-020-02457-y",
      "systems" : [
        "https://ths-greifswald.de/fhir/CodeSystem/gics/ConsentStatus"
      ]
    },
    {
      "url" : "https://ths-greifswald.de/fhir/ValueSet/gics/ConsentStatusConsentFullValues",
      "version" : "2025.2.0",
      "status" : "active",
      "name" : "ConsentStatusConsentFullValues",
      "title" : null,
      "description" : "consent states - subset CONSENT documents",
      "systems" : [
        "https://ths-greifswald.de/fhir/CodeSystem/gics/ConsentStatus"
      ]
    },
    {
      "url" : "https://ths-greifswald.de/fhir/ValueSet/gics/ConsentStatusConsentOptOutFullValues",
      "version" : "2025.2.0",
      "status" : "active",
      "name" : "ConsentStatusConsentOptOutFullValues",
      "title" : null,
      "description" : "consent states - subset OPT-OUT-CONSENT documents",
      "systems" : [
        "https://ths-greifswald.de/fhir/CodeSystem/gics/ConsentStatus"
      ]
    },
    {
      "url" : "https://ths-greifswald.de/fhir/ValueSet/gics/ConsentStatusConsentOptOutShortValues",
      "version" : "2025.2.0",
      "status" : "active",
      "name" : "ConsentStatusConsentOptOutShortValues",
      "title" : null,
      "description" : "consent states - minimal subset OPT-OUT-CONSENT documents",
      "systems" : [
        "https://ths-greifswald.de/fhir/CodeSystem/gics/ConsentStatus"
      ]
    },
    {
      "url" : "https://ths-greifswald.de/fhir/ValueSet/gics/ConsentStatusConsentShortValues",
      "version" : "2025.2.0",
      "status" : "active",
      "name" : "ConsentStatusConsentShortValues",
      "title" : null,
      "description" : "consent states - minimal subset CONSENT documents",
      "systems" : [
        "https://ths-greifswald.de/fhir/CodeSystem/gics/ConsentStatus"
      ]
    },
    {
      "url" : "https://ths-greifswald.de/fhir/ValueSet/gics/ConsentStatusObjectionFullValues",
      "version" : "2025.2.0",
      "status" : "active",
      "name" : "ConsentStatusObjectionFullValues",
      "title" : null,
      "description" : "consent states - subset OBJECTION documents",
      "systems" : [
        "https://ths-greifswald.de/fhir/CodeSystem/gics/ConsentStatus"
      ]
    },
    {
      "url" : "https://ths-greifswald.de/fhir/ValueSet/gics/ConsentStatusObjectionShortValues",
      "version" : "2025.2.0",
      "status" : "active",
      "name" : "ConsentStatusObjectionShortValues",
      "title" : null,
      "description" : "consent states - minimal subset OBJECTION documents",
      "systems" : [
        "https://ths-greifswald.de/fhir/CodeSystem/gics/ConsentStatus"
      ]
    },
    {
      "url" : "https://ths-greifswald.de/fhir/ValueSet/gics/ConsentStatusRefusalFullValues",
      "version" : "2025.2.0",
      "status" : "active",
      "name" : "ConsentStatusRefusalFullValues",
      "title" : null,
      "description" : "consent states - subset REFUSAL documents",
      "systems" : [
        "https://ths-greifswald.de/fhir/CodeSystem/gics/ConsentStatus"
      ]
    },
    {
      "url" : "https://ths-greifswald.de/fhir/ValueSet/gics/ConsentStatusRefusalShortValues",
      "version" : "2025.2.0",
      "status" : "active",
      "name" : "ConsentStatusRefusalShortValues",
      "title" : null,
      "description" : "consent states - minimal subset REFUSAL documents",
      "systems" : [
        "https://ths-greifswald.de/fhir/CodeSystem/gics/ConsentStatus"
      ]
    },
    {
      "url" : "https://ths-greifswald.de/fhir/ValueSet/gics/ConsentStatusWithdrawalFullValues",
      "version" : "2025.2.0",
      "status" : "active",
      "name" : "ConsentStatusWithdrawalFullValues",
      "title" : null,
      "description" : "consent states - subset WITHDRAWAL documents",
      "systems" : [
        "https://ths-greifswald.de/fhir/CodeSystem/gics/ConsentStatus"
      ]
    },
    {
      "url" : "https://ths-greifswald.de/fhir/ValueSet/gics/ConsentStatusWithdrawalShortValues",
      "version" : "2025.2.0",
      "status" : "active",
      "name" : "ConsentStatusWithdrawalShortValues",
      "title" : null,
      "description" : "consent states - minimal subset WITHDRAWAL documents",
      "systems" : [
        "https://ths-greifswald.de/fhir/CodeSystem/gics/ConsentStatus"
      ]
    },
    {
      "url" : "https://ths-greifswald.de/fhir/ValueSet/gics/IdMatchingType",
      "version" : "2025.2.0",
      "status" : "active",
      "name" : "IdMatchingType",
      "title" : null,
      "description" : "ID matching types used in consent management",
      "systems" : [
        "https://ths-greifswald.de/fhir/CodeSystem/gics/IdMatchingType"
      ]
    },
    {
      "url" : "https://ths-greifswald.de/fhir/ValueSet/gics/Policy",
      "version" : "2025.2.0",
      "status" : "draft",
      "name" : "Policy",
      "title" : null,
      "description" : "common consent policies used in consent management in medical research",
      "systems" : ["https://ths-greifswald.de/fhir/CodeSystem/gics/Policy"]
    },
    {
      "url" : "https://ths-greifswald.de/fhir/ValueSet/gics/PolicyStatus",
      "version" : "2025.2.0",
      "status" : "active",
      "name" : "PolicyStatus",
      "title" : null,
      "description" : "set of policy status states used for consent management",
      "systems" : [
        "http://hl7.org/fhir/consent-provision-type",
        "http://terminology.hl7.org/CodeSystem/v3-NullFlavor"
      ]
    }
  ]
}
